2025-06-16 11:51:27,326 - telegram.ext.ExtBot - DEBUG - Set Bot API URL: https://api.telegram.org/bot8074566163:AAHrY-EO1pS2KfhnJSwVnuWtRHfdBs0g16s
2025-06-16 11:51:27,326 - telegram.ext.ExtBot - DEBUG - Set Bot API File URL: https://api.telegram.org/file/bot8074566163:AAHrY-EO1pS2KfhnJSwVnuWtRHfdBs0g16s
2025-06-16 11:51:27,327 - asyncio - DEBUG - Using selector: KqueueSelector
2025-06-16 11:51:27,327 - telegram.ext - DEBUG - Network Retry Loop (Bootstrap Initialize Application): Starting
2025-06-16 11:51:27,327 - telegram.ext.ExtBot - DEBUG - Calling Bot API endpoint `getMe` with parameters `{}`
2025-06-16 11:51:27,338 - httpcore.connection - DEBUG - connect_tcp.started host='api.telegram.org' port=443 local_address=None timeout=5.0 socket_options=None
2025-06-16 11:51:27,519 - httpcore.connection - DEBUG - connect_tcp.complete return_value=<httpcore._backends.anyio.AnyIOStream object at 0x102db8ec0>
2025-06-16 11:51:27,519 - httpcore.connection - DEBUG - start_tls.started ssl_context=<ssl.SSLContext object at 0x102d68550> server_hostname='api.telegram.org' timeout=5.0
2025-06-16 11:51:27,599 - httpcore.connection - DEBUG - start_tls.complete return_value=<httpcore._backends.anyio.AnyIOStream object at 0x102d2f3e0>
2025-06-16 11:51:27,600 - httpcore.http11 - DEBUG - send_request_headers.started request=<Request [b'POST']>
2025-06-16 11:51:27,600 - httpcore.http11 - DEBUG - send_request_headers.complete
2025-06-16 11:51:27,600 - httpcore.http11 - DEBUG - send_request_body.started request=<Request [b'POST']>
2025-06-16 11:51:27,600 - httpcore.http11 - DEBUG - send_request_body.complete
2025-06-16 11:51:27,600 - httpcore.http11 - DEBUG - receive_response_headers.started request=<Request [b'POST']>
2025-06-16 11:51:27,682 - httpcore.http11 - DEBUG - receive_response_headers.complete return_value=(b'HTTP/1.1', 200, b'OK', [(b'Server', b'nginx/1.18.0'), (b'Date', b'Mon, 16 Jun 2025 09:51:27 GMT'), (b'Content-Type', b'application/json'), (b'Content-Length', b'248'), (b'Connection', b'keep-alive'), (b'Strict-Transport-Security', b'max-age=31536000; includeSubDomains; preload'), (b'Access-Control-Allow-Origin', b'*'), (b'Access-Control-Allow-Methods', b'GET, POST, OPTIONS'), (b'Access-Control-Expose-Headers', b'Content-Length,Content-Type,Date,Server,Connection')])
2025-06-16 11:51:27,683 - httpx - INFO - HTTP Request: POST https://api.telegram.org/bot8074566163:AAHrY-EO1pS2KfhnJSwVnuWtRHfdBs0g16s/getMe "HTTP/1.1 200 OK"
2025-06-16 11:51:27,683 - httpcore.http11 - DEBUG - receive_response_body.started request=<Request [b'POST']>
2025-06-16 11:51:27,684 - httpcore.http11 - DEBUG - receive_response_body.complete
2025-06-16 11:51:27,684 - httpcore.http11 - DEBUG - response_closed.started
2025-06-16 11:51:27,684 - httpcore.http11 - DEBUG - response_closed.complete
2025-06-16 11:51:27,684 - telegram.ext.ExtBot - DEBUG - Call to Bot API endpoint `getMe` finished with return value `{'id': 8074566163, 'is_bot': True, 'first_name': 'DM_Test', 'username': 'DMDZtestbot', 'can_join_groups': True, 'can_read_all_group_messages': False, 'supports_inline_queries': False, 'can_connect_to_business': False, 'has_main_web_app': False}`
2025-06-16 11:51:27,684 - telegram.ext.ExtBot - DEBUG - This Bot is already initialized.
2025-06-16 11:51:27,685 - telegram.ext.Updater - DEBUG - Updater started (polling)
2025-06-16 11:51:27,685 - telegram.ext - DEBUG - Network Retry Loop (Bootstrap delete Webhook): Starting
2025-06-16 11:51:27,685 - telegram.ext.Updater - DEBUG - Deleting webhook
2025-06-16 11:51:27,685 - telegram.ext.ExtBot - DEBUG - Calling Bot API endpoint `deleteWebhook` with parameters `{}`
2025-06-16 11:51:27,686 - httpcore.http11 - DEBUG - send_request_headers.started request=<Request [b'POST']>
2025-06-16 11:51:27,686 - httpcore.http11 - DEBUG - send_request_headers.complete
2025-06-16 11:51:27,686 - httpcore.http11 - DEBUG - send_request_body.started request=<Request [b'POST']>
2025-06-16 11:51:27,686 - httpcore.http11 - DEBUG - send_request_body.complete
2025-06-16 11:51:27,686 - httpcore.http11 - DEBUG - receive_response_headers.started request=<Request [b'POST']>
2025-06-16 11:51:27,765 - httpcore.http11 - DEBUG - receive_response_headers.complete return_value=(b'HTTP/1.1', 200, b'OK', [(b'Server', b'nginx/1.18.0'), (b'Date', b'Mon, 16 Jun 2025 09:51:28 GMT'), (b'Content-Type', b'application/json'), (b'Content-Length', b'68'), (b'Connection', b'keep-alive'), (b'Strict-Transport-Security', b'max-age=31536000; includeSubDomains; preload'), (b'Access-Control-Allow-Origin', b'*'), (b'Access-Control-Allow-Methods', b'GET, POST, OPTIONS'), (b'Access-Control-Expose-Headers', b'Content-Length,Content-Type,Date,Server,Connection')])
2025-06-16 11:51:27,765 - httpx - INFO - HTTP Request: POST https://api.telegram.org/bot8074566163:AAHrY-EO1pS2KfhnJSwVnuWtRHfdBs0g16s/deleteWebhook "HTTP/1.1 200 OK"
2025-06-16 11:51:27,766 - httpcore.http11 - DEBUG - receive_response_body.started request=<Request [b'POST']>
2025-06-16 11:51:27,766 - httpcore.http11 - DEBUG - receive_response_body.complete
2025-06-16 11:51:27,766 - httpcore.http11 - DEBUG - response_closed.started
2025-06-16 11:51:27,766 - httpcore.http11 - DEBUG - response_closed.complete
2025-06-16 11:51:27,767 - telegram.ext.ExtBot - DEBUG - Call to Bot API endpoint `deleteWebhook` finished with return value `True`
2025-06-16 11:51:27,767 - telegram.ext.Updater - DEBUG - Bootstrap done
2025-06-16 11:51:27,767 - telegram.ext.Updater - DEBUG - Waiting for polling to start
2025-06-16 11:51:27,767 - telegram.ext.Updater - DEBUG - Polling updates from Telegram started
2025-06-16 11:51:27,767 - telegram.ext - DEBUG - Network Retry Loop (Polling Updates): Starting
2025-06-16 11:51:27,767 - telegram.ext.ExtBot - DEBUG - Calling Bot API endpoint `getUpdates` with parameters `{'timeout': 10, 'offset': 0}`
2025-06-16 11:51:27,768 - telegram.ext.Application - INFO - Application started
2025-06-16 11:51:27,768 - httpcore.connection - DEBUG - connect_tcp.started host='api.telegram.org' port=443 local_address=None timeout=5.0 socket_options=None
2025-06-16 11:51:27,836 - httpcore.connection - DEBUG - connect_tcp.complete return_value=<httpcore._backends.anyio.AnyIOStream object at 0x1034615e0>
2025-06-16 11:51:27,836 - httpcore.connection - DEBUG - start_tls.started ssl_context=<ssl.SSLContext object at 0x102d685d0> server_hostname='api.telegram.org' timeout=5.0
2025-06-16 11:51:27,910 - httpcore.connection - DEBUG - start_tls.complete return_value=<httpcore._backends.anyio.AnyIOStream object at 0x102db8230>
2025-06-16 11:51:27,911 - httpcore.http11 - DEBUG - send_request_headers.started request=<Request [b'POST']>
2025-06-16 11:51:27,911 - httpcore.http11 - DEBUG - send_request_headers.complete
2025-06-16 11:51:27,911 - httpcore.http11 - DEBUG - send_request_body.started request=<Request [b'POST']>
2025-06-16 11:51:27,911 - httpcore.http11 - DEBUG - send_request_body.complete
2025-06-16 11:51:27,911 - httpcore.http11 - DEBUG - receive_response_headers.started request=<Request [b'POST']>
2025-06-16 11:51:37,981 - httpcore.http11 - DEBUG - receive_response_headers.complete return_value=(b'HTTP/1.1', 200, b'OK', [(b'Server', b'nginx/1.18.0'), (b'Date', b'Mon, 16 Jun 2025 09:51:38 GMT'), (b'Content-Type', b'application/json'), (b'Content-Length', b'23'), (b'Connection', b'keep-alive'), (b'Strict-Transport-Security', b'max-age=31536000; includeSubDomains; preload'), (b'Access-Control-Allow-Origin', b'*'), (b'Access-Control-Allow-Methods', b'GET, POST, OPTIONS'), (b'Access-Control-Expose-Headers', b'Content-Length,Content-Type,Date,Server,Connection')])
2025-06-16 11:51:37,981 - httpx - INFO - HTTP Request: POST https://api.telegram.org/bot8074566163:AAHrY-EO1pS2KfhnJSwVnuWtRHfdBs0g16s/getUpdates "HTTP/1.1 200 OK"
2025-06-16 11:51:37,981 - httpcore.http11 - DEBUG - receive_response_body.started request=<Request [b'POST']>
2025-06-16 11:51:37,982 - httpcore.http11 - DEBUG - receive_response_body.complete
2025-06-16 11:51:37,982 - httpcore.http11 - DEBUG - response_closed.started
2025-06-16 11:51:37,982 - httpcore.http11 - DEBUG - response_closed.complete
2025-06-16 11:51:37,982 - telegram.ext.ExtBot - DEBUG - Call to Bot API endpoint `getUpdates` finished with return value `[]`
2025-06-16 11:51:37,982 - telegram.ext.ExtBot - DEBUG - No new updates found.
2025-06-16 11:51:37,983 - telegram.ext.ExtBot - DEBUG - Calling Bot API endpoint `getUpdates` with parameters `{'timeout': 10, 'offset': 0}`
2025-06-16 11:51:37,984 - httpcore.http11 - DEBUG - send_request_headers.started request=<Request [b'POST']>
2025-06-16 11:51:37,984 - httpcore.http11 - DEBUG - send_request_headers.complete
2025-06-16 11:51:37,985 - httpcore.http11 - DEBUG - send_request_body.started request=<Request [b'POST']>
2025-06-16 11:51:37,985 - httpcore.http11 - DEBUG - send_request_body.complete
2025-06-16 11:51:37,985 - httpcore.http11 - DEBUG - receive_response_headers.started request=<Request [b'POST']>
2025-06-16 11:51:42,257 - httpcore.http11 - DEBUG - receive_response_headers.complete return_value=(b'HTTP/1.1', 200, b'OK', [(b'Server', b'nginx/1.18.0'), (b'Date', b'Mon, 16 Jun 2025 09:51:42 GMT'), (b'Content-Type', b'application/json'), (b'Content-Length', b'431'), (b'Connection', b'keep-alive'), (b'Strict-Transport-Security', b'max-age=31536000; includeSubDomains; preload'), (b'Access-Control-Allow-Origin', b'*'), (b'Access-Control-Allow-Methods', b'GET, POST, OPTIONS'), (b'Access-Control-Expose-Headers', b'Content-Length,Content-Type,Date,Server,Connection')])
2025-06-16 11:51:42,257 - httpx - INFO - HTTP Request: POST https://api.telegram.org/bot8074566163:AAHrY-EO1pS2KfhnJSwVnuWtRHfdBs0g16s/getUpdates "HTTP/1.1 200 OK"
2025-06-16 11:51:42,257 - httpcore.http11 - DEBUG - receive_response_body.started request=<Request [b'POST']>
2025-06-16 11:51:42,257 - httpcore.http11 - DEBUG - receive_response_body.complete
2025-06-16 11:51:42,258 - httpcore.http11 - DEBUG - response_closed.started
2025-06-16 11:51:42,258 - httpcore.http11 - DEBUG - response_closed.complete
2025-06-16 11:51:42,258 - telegram.ext.ExtBot - DEBUG - Call to Bot API endpoint `getUpdates` finished with return value `[{'update_id': 111011617, 'message': {'message_id': 143, 'from': {'id': 1128054148, 'is_bot': False, 'first_name': 'Daniele', 'last_name': 'Zappalá', 'username': 'danzapp', 'language_code': 'it'}, 'chat': {'id': 1128054148, 'first_name': 'Daniele', 'last_name': 'Zappalá', 'username': 'danzapp', 'type': 'private'}, 'date': 1750067502, 'text': '/spesa food 12.00 pranzo', 'entities': [{'offset': 0, 'length': 6, 'type': 'bot_command'}]}}]`
2025-06-16 11:51:42,258 - telegram.ext.ExtBot - DEBUG - Getting updates: [111011617]
2025-06-16 11:51:42,258 - telegram.ext.Application - DEBUG - Processing update Update(message=Message(channel_chat_created=False, chat=Chat(first_name='Daniele', id=1128054148, last_name='Zappalá', type=<ChatType.PRIVATE>, username='danzapp'), date=datetime.datetime(2025, 6, 16, 9, 51, 42, tzinfo=datetime.timezone.utc), delete_chat_photo=False, entities=(MessageEntity(length=6, offset=0, type=<MessageEntityType.BOT_COMMAND>),), from_user=User(first_name='Daniele', id=1128054148, is_bot=False, language_code='it', last_name='Zappalá', username='danzapp'), group_chat_created=False, message_id=143, supergroup_chat_created=False, text='/spesa food 12.00 pranzo'), update_id=111011617)
2025-06-16 11:51:42,259 - __main__ - INFO - INIZIO spesa_command
2025-06-16 11:51:42,259 - __main__ - INFO - Command arguments: ['food', '12.00', 'pranzo']
2025-06-16 11:51:42,259 - __main__ - INFO - Prima di preparare dati per Google Sheets
2025-06-16 11:51:42,259 - __main__ - INFO - Chiamo add_row_to_sheet con: ['2025-06-16 11:51:42', 'danzapp', 'food', '12.00', 'pranzo']
2025-06-16 11:51:42,260 - googleapiclient.discovery_cache - INFO - file_cache is only supported with oauth2client<4.0.0
2025-06-16 11:51:42,262 - google.auth._default - DEBUG - Checking None for explicit credentials as part of auth process...
2025-06-16 11:51:42,262 - google.auth._default - DEBUG - Checking Cloud SDK credentials as part of auth process...
2025-06-16 11:51:42,263 - google.auth._default - DEBUG - Cloud SDK credentials not found on disk; not using them
2025-06-16 11:51:51,454 - __main__ - ERROR - Error in add_expense_command: Your default credentials were not found. To set up Application Default Credentials, see https://cloud.google.com/docs/authentication/external/set-up-adc for more information.
Traceback (most recent call last):
  File "/Users/daniele/Documents/Development/Datamasters/bot.py", line 127, in spesa_command
    sheets_service = SheetsService()
                     ^^^^^^^^^^^^^^^
  File "/Users/daniele/Documents/Development/Datamasters/src/services/sheets.py", line 38, in __init__
    self.service: Resource = discovery.build('sheets', 'v4')
                             ^^^^^^^^^^^^^^^^^^^^^^^^^^^^^^^
  File "/Users/daniele/Documents/Development/Datamasters/.venv/lib/python3.12/site-packages/googleapiclient/_helpers.py", line 130, in positional_wrapper
    return wrapped(*args, **kwargs)
           ^^^^^^^^^^^^^^^^^^^^^^^^
  File "/Users/daniele/Documents/Development/Datamasters/.venv/lib/python3.12/site-packages/googleapiclient/discovery.py", line 315, in build
    service = build_from_document(
              ^^^^^^^^^^^^^^^^^^^^
  File "/Users/daniele/Documents/Development/Datamasters/.venv/lib/python3.12/site-packages/googleapiclient/_helpers.py", line 130, in positional_wrapper
    return wrapped(*args, **kwargs)
           ^^^^^^^^^^^^^^^^^^^^^^^^
  File "/Users/daniele/Documents/Development/Datamasters/.venv/lib/python3.12/site-packages/googleapiclient/discovery.py", line 616, in build_from_document
    credentials = _auth.default_credentials(
                  ^^^^^^^^^^^^^^^^^^^^^^^^^^
  File "/Users/daniele/Documents/Development/Datamasters/.venv/lib/python3.12/site-packages/googleapiclient/_auth.py", line 57, in default_credentials
    credentials, _ = google.auth.default(
                     ^^^^^^^^^^^^^^^^^^^^
  File "/Users/daniele/Documents/Development/Datamasters/.venv/lib/python3.12/site-packages/google/auth/_default.py", line 685, in default
    raise exceptions.DefaultCredentialsError(_CLOUD_SDK_MISSING_CREDENTIALS)
google.auth.exceptions.DefaultCredentialsError: Your default credentials were not found. To set up Application Default Credentials, see https://cloud.google.com/docs/authentication/external/set-up-adc for more information.
2025-06-16 11:51:51,460 - __main__ - INFO - Entrato nell'except di spesa_command
2025-06-16 11:51:51,461 - telegram.ext.ExtBot - DEBUG - Calling Bot API endpoint `sendMessage` with parameters `{'chat_id': 1128054148, 'text': "Si è verificato un errore inatteso durante l'aggiunta della spesa."}`
2025-06-16 11:51:51,462 - httpcore.connection - DEBUG - close.started
2025-06-16 11:51:51,462 - httpcore.connection - DEBUG - close.complete
2025-06-16 11:51:51,463 - httpcore.connection - DEBUG - connect_tcp.started host='api.telegram.org' port=443 local_address=None timeout=5.0 socket_options=None
2025-06-16 11:51:51,463 - telegram.ext.ExtBot - DEBUG - Calling Bot API endpoint `getUpdates` with parameters `{'timeout': 10, 'offset': 111011618}`
2025-06-16 11:51:51,464 - httpcore.connection - DEBUG - close.started
2025-06-16 11:51:51,464 - httpcore.connection - DEBUG - close.complete
2025-06-16 11:51:51,464 - httpcore.connection - DEBUG - connect_tcp.started host='api.telegram.org' port=443 local_address=None timeout=5.0 socket_options=None
2025-06-16 11:51:51,546 - httpcore.connection - DEBUG - connect_tcp.complete return_value=<httpcore._backends.anyio.AnyIOStream object at 0x10537cf80>
2025-06-16 11:51:51,546 - httpcore.connection - DEBUG - start_tls.started ssl_context=<ssl.SSLContext object at 0x102d685d0> server_hostname='api.telegram.org' timeout=5.0
2025-06-16 11:51:51,587 - httpcore.connection - DEBUG - connect_tcp.complete return_value=<httpcore._backends.anyio.AnyIOStream object at 0x10537c620>
2025-06-16 11:51:51,587 - httpcore.connection - DEBUG - start_tls.started ssl_context=<ssl.SSLContext object at 0x102d68550> server_hostname='api.telegram.org' timeout=5.0
2025-06-16 11:51:51,621 - httpcore.connection - DEBUG - start_tls.complete return_value=<httpcore._backends.anyio.AnyIOStream object at 0x103461e80>
2025-06-16 11:51:51,621 - httpcore.http11 - DEBUG - send_request_headers.started request=<Request [b'POST']>
2025-06-16 11:51:51,622 - httpcore.http11 - DEBUG - send_request_headers.complete
2025-06-16 11:51:51,622 - httpcore.http11 - DEBUG - send_request_body.started request=<Request [b'POST']>
2025-06-16 11:51:51,622 - httpcore.http11 - DEBUG - send_request_body.complete
2025-06-16 11:51:51,622 - httpcore.http11 - DEBUG - receive_response_headers.started request=<Request [b'POST']>
2025-06-16 11:51:51,658 - httpcore.connection - DEBUG - start_tls.complete return_value=<httpcore._backends.anyio.AnyIOStream object at 0x10537c440>
2025-06-16 11:51:51,658 - httpcore.http11 - DEBUG - send_request_headers.started request=<Request [b'POST']>
2025-06-16 11:51:51,658 - httpcore.http11 - DEBUG - send_request_headers.complete
2025-06-16 11:51:51,659 - httpcore.http11 - DEBUG - send_request_body.started request=<Request [b'POST']>
2025-06-16 11:51:51,659 - httpcore.http11 - DEBUG - send_request_body.complete
2025-06-16 11:51:51,659 - httpcore.http11 - DEBUG - receive_response_headers.started request=<Request [b'POST']>
2025-06-16 11:51:51,812 - httpcore.http11 - DEBUG - receive_response_headers.complete return_value=(b'HTTP/1.1', 200, b'OK', [(b'Server', b'nginx/1.18.0'), (b'Date', b'Mon, 16 Jun 2025 09:51:52 GMT'), (b'Content-Type', b'application/json'), (b'Content-Length', b'338'), (b'Connection', b'keep-alive'), (b'Strict-Transport-Security', b'max-age=31536000; includeSubDomains; preload'), (b'Access-Control-Allow-Origin', b'*'), (b'Access-Control-Allow-Methods', b'GET, POST, OPTIONS'), (b'Access-Control-Expose-Headers', b'Content-Length,Content-Type,Date,Server,Connection')])
2025-06-16 11:51:51,813 - httpx - INFO - HTTP Request: POST https://api.telegram.org/bot8074566163:AAHrY-EO1pS2KfhnJSwVnuWtRHfdBs0g16s/sendMessage "HTTP/1.1 200 OK"
2025-06-16 11:51:51,813 - httpcore.http11 - DEBUG - receive_response_body.started request=<Request [b'POST']>
2025-06-16 11:51:51,813 - httpcore.http11 - DEBUG - receive_response_body.complete
2025-06-16 11:51:51,813 - httpcore.http11 - DEBUG - response_closed.started
2025-06-16 11:51:51,814 - httpcore.http11 - DEBUG - response_closed.complete
2025-06-16 11:51:51,814 - telegram.ext.ExtBot - DEBUG - Call to Bot API endpoint `sendMessage` finished with return value `{'message_id': 144, 'from': {'id': 8074566163, 'is_bot': True, 'first_name': 'DM_Test', 'username': 'DMDZtestbot'}, 'chat': {'id': 1128054148, 'first_name': 'Daniele', 'last_name': 'Zappalá', 'username': 'danzapp', 'type': 'private'}, 'date': 1750067512, 'text': "Si è verificato un errore inatteso durante l'aggiunta della spesa."}`
2025-06-16 11:51:51,814 - __main__ - INFO - Risposta inviata: Errore inatteso durante l'aggiunta della spesa
2025-06-16 11:52:01,698 - httpcore.http11 - DEBUG - receive_response_headers.complete return_value=(b'HTTP/1.1', 200, b'OK', [(b'Server', b'nginx/1.18.0'), (b'Date', b'Mon, 16 Jun 2025 09:52:01 GMT'), (b'Content-Type', b'application/json'), (b'Content-Length', b'23'), (b'Connection', b'keep-alive'), (b'Strict-Transport-Security', b'max-age=31536000; includeSubDomains; preload'), (b'Access-Control-Allow-Origin', b'*'), (b'Access-Control-Allow-Methods', b'GET, POST, OPTIONS'), (b'Access-Control-Expose-Headers', b'Content-Length,Content-Type,Date,Server,Connection')])
2025-06-16 11:52:01,699 - httpx - INFO - HTTP Request: POST https://api.telegram.org/bot8074566163:AAHrY-EO1pS2KfhnJSwVnuWtRHfdBs0g16s/getUpdates "HTTP/1.1 200 OK"
2025-06-16 11:52:01,699 - httpcore.http11 - DEBUG - receive_response_body.started request=<Request [b'POST']>
2025-06-16 11:52:01,700 - httpcore.http11 - DEBUG - receive_response_body.complete
2025-06-16 11:52:01,700 - httpcore.http11 - DEBUG - response_closed.started
2025-06-16 11:52:01,700 - httpcore.http11 - DEBUG - response_closed.complete
2025-06-16 11:52:01,701 - telegram.ext.ExtBot - DEBUG - Call to Bot API endpoint `getUpdates` finished with return value `[]`
2025-06-16 11:52:01,701 - telegram.ext.ExtBot - DEBUG - No new updates found.
2025-06-16 11:52:01,701 - telegram.ext.ExtBot - DEBUG - Calling Bot API endpoint `getUpdates` with parameters `{'timeout': 10, 'offset': 111011618}`
2025-06-16 11:52:01,702 - httpcore.http11 - DEBUG - send_request_headers.started request=<Request [b'POST']>
2025-06-16 11:52:01,703 - httpcore.http11 - DEBUG - send_request_headers.complete
2025-06-16 11:52:01,703 - httpcore.http11 - DEBUG - send_request_body.started request=<Request [b'POST']>
2025-06-16 11:52:01,704 - httpcore.http11 - DEBUG - send_request_body.complete
2025-06-16 11:52:01,704 - httpcore.http11 - DEBUG - receive_response_headers.started request=<Request [b'POST']>
2025-06-16 11:52:11,774 - httpcore.http11 - DEBUG - receive_response_headers.complete return_value=(b'HTTP/1.1', 200, b'OK', [(b'Server', b'nginx/1.18.0'), (b'Date', b'Mon, 16 Jun 2025 09:52:12 GMT'), (b'Content-Type', b'application/json'), (b'Content-Length', b'23'), (b'Connection', b'keep-alive'), (b'Strict-Transport-Security', b'max-age=31536000; includeSubDomains; preload'), (b'Access-Control-Allow-Origin', b'*'), (b'Access-Control-Allow-Methods', b'GET, POST, OPTIONS'), (b'Access-Control-Expose-Headers', b'Content-Length,Content-Type,Date,Server,Connection')])
2025-06-16 11:52:11,775 - httpx - INFO - HTTP Request: POST https://api.telegram.org/bot8074566163:AAHrY-EO1pS2KfhnJSwVnuWtRHfdBs0g16s/getUpdates "HTTP/1.1 200 OK"
2025-06-16 11:52:11,775 - httpcore.http11 - DEBUG - receive_response_body.started request=<Request [b'POST']>
2025-06-16 11:52:11,775 - httpcore.http11 - DEBUG - receive_response_body.complete
2025-06-16 11:52:11,775 - httpcore.http11 - DEBUG - response_closed.started
2025-06-16 11:52:11,775 - httpcore.http11 - DEBUG - response_closed.complete
2025-06-16 11:52:11,775 - telegram.ext.ExtBot - DEBUG - Call to Bot API endpoint `getUpdates` finished with return value `[]`
2025-06-16 11:52:11,775 - telegram.ext.ExtBot - DEBUG - No new updates found.
2025-06-16 11:52:11,775 - telegram.ext.ExtBot - DEBUG - Calling Bot API endpoint `getUpdates` with parameters `{'timeout': 10, 'offset': 111011618}`
2025-06-16 11:52:11,775 - httpcore.http11 - DEBUG - send_request_headers.started request=<Request [b'POST']>
2025-06-16 11:52:11,776 - httpcore.http11 - DEBUG - send_request_headers.complete
2025-06-16 11:52:11,776 - httpcore.http11 - DEBUG - send_request_body.started request=<Request [b'POST']>
2025-06-16 11:52:11,776 - httpcore.http11 - DEBUG - send_request_body.complete
2025-06-16 11:52:11,776 - httpcore.http11 - DEBUG - receive_response_headers.started request=<Request [b'POST']>
2025-06-16 11:52:21,895 - httpcore.http11 - DEBUG - receive_response_headers.complete return_value=(b'HTTP/1.1', 200, b'OK', [(b'Server', b'nginx/1.18.0'), (b'Date', b'Mon, 16 Jun 2025 09:52:22 GMT'), (b'Content-Type', b'application/json'), (b'Content-Length', b'23'), (b'Connection', b'keep-alive'), (b'Strict-Transport-Security', b'max-age=31536000; includeSubDomains; preload'), (b'Access-Control-Allow-Origin', b'*'), (b'Access-Control-Allow-Methods', b'GET, POST, OPTIONS'), (b'Access-Control-Expose-Headers', b'Content-Length,Content-Type,Date,Server,Connection')])
2025-06-16 11:52:21,897 - httpx - INFO - HTTP Request: POST https://api.telegram.org/bot8074566163:AAHrY-EO1pS2KfhnJSwVnuWtRHfdBs0g16s/getUpdates "HTTP/1.1 200 OK"
2025-06-16 11:52:21,897 - httpcore.http11 - DEBUG - receive_response_body.started request=<Request [b'POST']>
2025-06-16 11:52:21,898 - httpcore.http11 - DEBUG - receive_response_body.complete
2025-06-16 11:52:21,898 - httpcore.http11 - DEBUG - response_closed.started
2025-06-16 11:52:21,898 - httpcore.http11 - DEBUG - response_closed.complete
2025-06-16 11:52:21,899 - telegram.ext.ExtBot - DEBUG - Call to Bot API endpoint `getUpdates` finished with return value `[]`
2025-06-16 11:52:21,899 - telegram.ext.ExtBot - DEBUG - No new updates found.
2025-06-16 11:52:21,899 - telegram.ext.ExtBot - DEBUG - Calling Bot API endpoint `getUpdates` with parameters `{'timeout': 10, 'offset': 111011618}`
2025-06-16 11:52:21,900 - httpcore.http11 - DEBUG - send_request_headers.started request=<Request [b'POST']>
2025-06-16 11:52:21,901 - httpcore.http11 - DEBUG - send_request_headers.complete
2025-06-16 11:52:21,901 - httpcore.http11 - DEBUG - send_request_body.started request=<Request [b'POST']>
2025-06-16 11:52:21,902 - httpcore.http11 - DEBUG - send_request_body.complete
2025-06-16 11:52:21,902 - httpcore.http11 - DEBUG - receive_response_headers.started request=<Request [b'POST']>
2025-06-16 11:52:31,973 - httpcore.http11 - DEBUG - receive_response_headers.complete return_value=(b'HTTP/1.1', 200, b'OK', [(b'Server', b'nginx/1.18.0'), (b'Date', b'Mon, 16 Jun 2025 09:52:32 GMT'), (b'Content-Type', b'application/json'), (b'Content-Length', b'23'), (b'Connection', b'keep-alive'), (b'Strict-Transport-Security', b'max-age=31536000; includeSubDomains; preload'), (b'Access-Control-Allow-Origin', b'*'), (b'Access-Control-Allow-Methods', b'GET, POST, OPTIONS'), (b'Access-Control-Expose-Headers', b'Content-Length,Content-Type,Date,Server,Connection')])
2025-06-16 11:52:31,975 - httpx - INFO - HTTP Request: POST https://api.telegram.org/bot8074566163:AAHrY-EO1pS2KfhnJSwVnuWtRHfdBs0g16s/getUpdates "HTTP/1.1 200 OK"
2025-06-16 11:52:31,975 - httpcore.http11 - DEBUG - receive_response_body.started request=<Request [b'POST']>
2025-06-16 11:52:31,976 - httpcore.http11 - DEBUG - receive_response_body.complete
2025-06-16 11:52:31,976 - httpcore.http11 - DEBUG - response_closed.started
2025-06-16 11:52:31,976 - httpcore.http11 - DEBUG - response_closed.complete
2025-06-16 11:52:31,976 - telegram.ext.ExtBot - DEBUG - Call to Bot API endpoint `getUpdates` finished with return value `[]`
2025-06-16 11:52:31,977 - telegram.ext.ExtBot - DEBUG - No new updates found.
2025-06-16 11:52:31,977 - telegram.ext.ExtBot - DEBUG - Calling Bot API endpoint `getUpdates` with parameters `{'timeout': 10, 'offset': 111011618}`
2025-06-16 11:52:31,978 - httpcore.http11 - DEBUG - send_request_headers.started request=<Request [b'POST']>
2025-06-16 11:52:31,979 - httpcore.http11 - DEBUG - send_request_headers.complete
2025-06-16 11:52:31,979 - httpcore.http11 - DEBUG - send_request_body.started request=<Request [b'POST']>
2025-06-16 11:52:31,979 - httpcore.http11 - DEBUG - send_request_body.complete
2025-06-16 11:52:31,979 - httpcore.http11 - DEBUG - receive_response_headers.started request=<Request [b'POST']>
2025-06-16 11:52:42,282 - httpcore.http11 - DEBUG - receive_response_headers.complete return_value=(b'HTTP/1.1', 200, b'OK', [(b'Server', b'nginx/1.18.0'), (b'Date', b'Mon, 16 Jun 2025 09:52:42 GMT'), (b'Content-Type', b'application/json'), (b'Content-Length', b'23'), (b'Connection', b'keep-alive'), (b'Strict-Transport-Security', b'max-age=31536000; includeSubDomains; preload'), (b'Access-Control-Allow-Origin', b'*'), (b'Access-Control-Allow-Methods', b'GET, POST, OPTIONS'), (b'Access-Control-Expose-Headers', b'Content-Length,Content-Type,Date,Server,Connection')])
2025-06-16 11:52:42,282 - httpx - INFO - HTTP Request: POST https://api.telegram.org/bot8074566163:AAHrY-EO1pS2KfhnJSwVnuWtRHfdBs0g16s/getUpdates "HTTP/1.1 200 OK"
2025-06-16 11:52:42,283 - httpcore.http11 - DEBUG - receive_response_body.started request=<Request [b'POST']>
2025-06-16 11:52:42,283 - httpcore.http11 - DEBUG - receive_response_body.complete
2025-06-16 11:52:42,283 - httpcore.http11 - DEBUG - response_closed.started
2025-06-16 11:52:42,284 - httpcore.http11 - DEBUG - response_closed.complete
2025-06-16 11:52:42,284 - telegram.ext.ExtBot - DEBUG - Call to Bot API endpoint `getUpdates` finished with return value `[]`
2025-06-16 11:52:42,284 - telegram.ext.ExtBot - DEBUG - No new updates found.
2025-06-16 11:52:42,284 - telegram.ext.ExtBot - DEBUG - Calling Bot API endpoint `getUpdates` with parameters `{'timeout': 10, 'offset': 111011618}`
2025-06-16 11:52:42,285 - httpcore.http11 - DEBUG - send_request_headers.started request=<Request [b'POST']>
2025-06-16 11:52:42,286 - httpcore.http11 - DEBUG - send_request_headers.complete
2025-06-16 11:52:42,286 - httpcore.http11 - DEBUG - send_request_body.started request=<Request [b'POST']>
2025-06-16 11:52:42,287 - httpcore.http11 - DEBUG - send_request_body.complete
2025-06-16 11:52:42,288 - httpcore.http11 - DEBUG - receive_response_headers.started request=<Request [b'POST']>
2025-06-16 11:52:52,375 - httpcore.http11 - DEBUG - receive_response_headers.complete return_value=(b'HTTP/1.1', 200, b'OK', [(b'Server', b'nginx/1.18.0'), (b'Date', b'Mon, 16 Jun 2025 09:52:52 GMT'), (b'Content-Type', b'application/json'), (b'Content-Length', b'23'), (b'Connection', b'keep-alive'), (b'Strict-Transport-Security', b'max-age=31536000; includeSubDomains; preload'), (b'Access-Control-Allow-Origin', b'*'), (b'Access-Control-Allow-Methods', b'GET, POST, OPTIONS'), (b'Access-Control-Expose-Headers', b'Content-Length,Content-Type,Date,Server,Connection')])
2025-06-16 11:52:52,376 - httpx - INFO - HTTP Request: POST https://api.telegram.org/bot8074566163:AAHrY-EO1pS2KfhnJSwVnuWtRHfdBs0g16s/getUpdates "HTTP/1.1 200 OK"
2025-06-16 11:52:52,377 - httpcore.http11 - DEBUG - receive_response_body.started request=<Request [b'POST']>
2025-06-16 11:52:52,377 - httpcore.http11 - DEBUG - receive_response_body.complete
2025-06-16 11:52:52,377 - httpcore.http11 - DEBUG - response_closed.started
2025-06-16 11:52:52,377 - httpcore.http11 - DEBUG - response_closed.complete
2025-06-16 11:52:52,377 - telegram.ext.ExtBot - DEBUG - Call to Bot API endpoint `getUpdates` finished with return value `[]`
2025-06-16 11:52:52,377 - telegram.ext.ExtBot - DEBUG - No new updates found.
2025-06-16 11:52:52,377 - telegram.ext.ExtBot - DEBUG - Calling Bot API endpoint `getUpdates` with parameters `{'timeout': 10, 'offset': 111011618}`
2025-06-16 11:52:52,378 - httpcore.http11 - DEBUG - send_request_headers.started request=<Request [b'POST']>
2025-06-16 11:52:52,378 - httpcore.http11 - DEBUG - send_request_headers.complete
2025-06-16 11:52:52,378 - httpcore.http11 - DEBUG - send_request_body.started request=<Request [b'POST']>
2025-06-16 11:52:52,378 - httpcore.http11 - DEBUG - send_request_body.complete
2025-06-16 11:52:52,378 - httpcore.http11 - DEBUG - receive_response_headers.started request=<Request [b'POST']>
2025-06-16 11:53:02,451 - httpcore.http11 - DEBUG - receive_response_headers.complete return_value=(b'HTTP/1.1', 200, b'OK', [(b'Server', b'nginx/1.18.0'), (b'Date', b'Mon, 16 Jun 2025 09:53:02 GMT'), (b'Content-Type', b'application/json'), (b'Content-Length', b'23'), (b'Connection', b'keep-alive'), (b'Strict-Transport-Security', b'max-age=31536000; includeSubDomains; preload'), (b'Access-Control-Allow-Origin', b'*'), (b'Access-Control-Allow-Methods', b'GET, POST, OPTIONS'), (b'Access-Control-Expose-Headers', b'Content-Length,Content-Type,Date,Server,Connection')])
2025-06-16 11:53:02,452 - httpx - INFO - HTTP Request: POST https://api.telegram.org/bot8074566163:AAHrY-EO1pS2KfhnJSwVnuWtRHfdBs0g16s/getUpdates "HTTP/1.1 200 OK"
2025-06-16 11:53:02,452 - httpcore.http11 - DEBUG - receive_response_body.started request=<Request [b'POST']>
2025-06-16 11:53:02,452 - httpcore.http11 - DEBUG - receive_response_body.complete
2025-06-16 11:53:02,452 - httpcore.http11 - DEBUG - response_closed.started
2025-06-16 11:53:02,452 - httpcore.http11 - DEBUG - response_closed.complete
2025-06-16 11:53:02,452 - telegram.ext.ExtBot - DEBUG - Call to Bot API endpoint `getUpdates` finished with return value `[]`
2025-06-16 11:53:02,452 - telegram.ext.ExtBot - DEBUG - No new updates found.
2025-06-16 11:53:02,452 - telegram.ext.ExtBot - DEBUG - Calling Bot API endpoint `getUpdates` with parameters `{'timeout': 10, 'offset': 111011618}`
2025-06-16 11:53:02,452 - httpcore.http11 - DEBUG - send_request_headers.started request=<Request [b'POST']>
2025-06-16 11:53:02,453 - httpcore.http11 - DEBUG - send_request_headers.complete
2025-06-16 11:53:02,453 - httpcore.http11 - DEBUG - send_request_body.started request=<Request [b'POST']>
2025-06-16 11:53:02,453 - httpcore.http11 - DEBUG - send_request_body.complete
2025-06-16 11:53:02,453 - httpcore.http11 - DEBUG - receive_response_headers.started request=<Request [b'POST']>
2025-06-16 11:53:09,576 - telegram.ext.Application - DEBUG - Application received stop signal. Shutting down.
2025-06-16 11:53:09,576 - telegram.ext.Updater - DEBUG - Stopping Updater
2025-06-16 11:53:09,576 - telegram.ext.Updater - DEBUG - Waiting background polling task to finish up.
2025-06-16 11:53:09,577 - telegram.ext - DEBUG - Network Retry Loop (Polling Updates): Cancelled
2025-06-16 11:53:09,577 - httpcore.http11 - DEBUG - receive_response_headers.failed exception=CancelledError()
2025-06-16 11:53:09,577 - httpcore.http11 - DEBUG - response_closed.started
2025-06-16 11:53:09,577 - telegram.ext.Updater - DEBUG - Calling `get_updates` one more time to mark all fetched updates as read.
2025-06-16 11:53:09,577 - telegram.ext.ExtBot - DEBUG - Calling Bot API endpoint `getUpdates` with parameters `{'timeout': 0, 'offset': 111011618}`
2025-06-16 11:53:09,578 - httpcore.http11 - DEBUG - response_closed.complete
2025-06-16 11:53:09,578 - httpcore.connection - DEBUG - connect_tcp.started host='api.telegram.org' port=443 local_address=None timeout=5.0 socket_options=None
2025-06-16 11:53:09,762 - httpcore.connection - DEBUG - connect_tcp.complete return_value=<httpcore._backends.anyio.AnyIOStream object at 0x103463380>
2025-06-16 11:53:09,763 - httpcore.connection - DEBUG - start_tls.started ssl_context=<ssl.SSLContext object at 0x102d685d0> server_hostname='api.telegram.org' timeout=5.0
2025-06-16 11:53:09,851 - httpcore.connection - DEBUG - start_tls.complete return_value=<httpcore._backends.anyio.AnyIOStream object at 0x103461190>
2025-06-16 11:53:09,852 - httpcore.http11 - DEBUG - send_request_headers.started request=<Request [b'POST']>
2025-06-16 11:53:09,852 - httpcore.http11 - DEBUG - send_request_headers.complete
2025-06-16 11:53:09,853 - httpcore.http11 - DEBUG - send_request_body.started request=<Request [b'POST']>
2025-06-16 11:53:09,853 - httpcore.http11 - DEBUG - send_request_body.complete
2025-06-16 11:53:09,853 - httpcore.http11 - DEBUG - receive_response_headers.started request=<Request [b'POST']>
2025-06-16 11:53:09,920 - httpcore.http11 - DEBUG - receive_response_headers.complete return_value=(b'HTTP/1.1', 200, b'OK', [(b'Server', b'nginx/1.18.0'), (b'Date', b'Mon, 16 Jun 2025 09:53:10 GMT'), (b'Content-Type', b'application/json'), (b'Content-Length', b'23'), (b'Connection', b'keep-alive'), (b'Strict-Transport-Security', b'max-age=31536000; includeSubDomains; preload'), (b'Access-Control-Allow-Origin', b'*'), (b'Access-Control-Allow-Methods', b'GET, POST, OPTIONS'), (b'Access-Control-Expose-Headers', b'Content-Length,Content-Type,Date,Server,Connection')])
2025-06-16 11:53:09,921 - httpx - INFO - HTTP Request: POST https://api.telegram.org/bot8074566163:AAHrY-EO1pS2KfhnJSwVnuWtRHfdBs0g16s/getUpdates "HTTP/1.1 200 OK"
2025-06-16 11:53:09,921 - httpcore.http11 - DEBUG - receive_response_body.started request=<Request [b'POST']>
2025-06-16 11:53:09,921 - httpcore.http11 - DEBUG - receive_response_body.complete
2025-06-16 11:53:09,922 - httpcore.http11 - DEBUG - response_closed.started
2025-06-16 11:53:09,922 - httpcore.http11 - DEBUG - response_closed.complete
2025-06-16 11:53:09,922 - telegram.ext.ExtBot - DEBUG - Call to Bot API endpoint `getUpdates` finished with return value `[]`
2025-06-16 11:53:09,922 - telegram.ext.ExtBot - DEBUG - No new updates found.
2025-06-16 11:53:09,923 - telegram.ext.Updater - DEBUG - Updater.stop() is complete
2025-06-16 11:53:09,923 - telegram.ext.Application - INFO - Application is stopping. This might take a moment.
2025-06-16 11:53:09,923 - telegram.ext.Application - DEBUG - Waiting for update_queue to join
2025-06-16 11:53:09,924 - telegram.ext.Application - DEBUG - Application stopped fetching of updates.
2025-06-16 11:53:09,924 - telegram.ext.Application - DEBUG - Waiting for `create_task` calls to be processed
2025-06-16 11:53:09,924 - telegram.ext.Application - INFO - Application.stop() complete
2025-06-16 11:53:09,924 - httpcore.connection - DEBUG - close.started
2025-06-16 11:53:09,925 - httpcore.connection - DEBUG - close.started
2025-06-16 11:53:09,925 - httpcore.connection - DEBUG - close.complete
2025-06-16 11:53:09,926 - httpcore.connection - DEBUG - close.complete
2025-06-16 11:53:09,926 - telegram.ext.ExtBot - DEBUG - This Bot is already shut down. Returning.
2025-06-16 11:53:09,926 - telegram.ext.Updater - DEBUG - Shut down of Updater complete
2025-06-16 11:53:11,645 - telegram.ext.ExtBot - DEBUG - Set Bot API URL: https://api.telegram.org/bot8074566163:AAHrY-EO1pS2KfhnJSwVnuWtRHfdBs0g16s
2025-06-16 11:53:11,645 - telegram.ext.ExtBot - DEBUG - Set Bot API File URL: https://api.telegram.org/file/bot8074566163:AAHrY-EO1pS2KfhnJSwVnuWtRHfdBs0g16s
2025-06-16 11:53:11,645 - asyncio - DEBUG - Using selector: KqueueSelector
2025-06-16 11:53:11,646 - telegram.ext - DEBUG - Network Retry Loop (Bootstrap Initialize Application): Starting
2025-06-16 11:53:11,646 - telegram.ext.ExtBot - DEBUG - Calling Bot API endpoint `getMe` with parameters `{}`
2025-06-16 11:53:11,649 - httpcore.connection - DEBUG - connect_tcp.started host='api.telegram.org' port=443 local_address=None timeout=5.0 socket_options=None
2025-06-16 11:53:11,725 - httpcore.connection - DEBUG - connect_tcp.complete return_value=<httpcore._backends.anyio.AnyIOStream object at 0x1049b0290>
2025-06-16 11:53:11,725 - httpcore.connection - DEBUG - start_tls.started ssl_context=<ssl.SSLContext object at 0x1049605d0> server_hostname='api.telegram.org' timeout=5.0
2025-06-16 11:53:11,801 - httpcore.connection - DEBUG - start_tls.complete return_value=<httpcore._backends.anyio.AnyIOStream object at 0x1047c7ad0>
2025-06-16 11:53:11,801 - httpcore.http11 - DEBUG - send_request_headers.started request=<Request [b'POST']>
2025-06-16 11:53:11,801 - httpcore.http11 - DEBUG - send_request_headers.complete
2025-06-16 11:53:11,801 - httpcore.http11 - DEBUG - send_request_body.started request=<Request [b'POST']>
2025-06-16 11:53:11,801 - httpcore.http11 - DEBUG - send_request_body.complete
2025-06-16 11:53:11,801 - httpcore.http11 - DEBUG - receive_response_headers.started request=<Request [b'POST']>
2025-06-16 11:53:11,880 - httpcore.http11 - DEBUG - receive_response_headers.complete return_value=(b'HTTP/1.1', 200, b'OK', [(b'Server', b'nginx/1.18.0'), (b'Date', b'Mon, 16 Jun 2025 09:53:12 GMT'), (b'Content-Type', b'application/json'), (b'Content-Length', b'248'), (b'Connection', b'keep-alive'), (b'Strict-Transport-Security', b'max-age=31536000; includeSubDomains; preload'), (b'Access-Control-Allow-Origin', b'*'), (b'Access-Control-Allow-Methods', b'GET, POST, OPTIONS'), (b'Access-Control-Expose-Headers', b'Content-Length,Content-Type,Date,Server,Connection')])
2025-06-16 11:53:11,881 - httpx - INFO - HTTP Request: POST https://api.telegram.org/bot8074566163:AAHrY-EO1pS2KfhnJSwVnuWtRHfdBs0g16s/getMe "HTTP/1.1 200 OK"
2025-06-16 11:53:11,881 - httpcore.http11 - DEBUG - receive_response_body.started request=<Request [b'POST']>
2025-06-16 11:53:11,881 - httpcore.http11 - DEBUG - receive_response_body.complete
2025-06-16 11:53:11,881 - httpcore.http11 - DEBUG - response_closed.started
2025-06-16 11:53:11,881 - httpcore.http11 - DEBUG - response_closed.complete
2025-06-16 11:53:11,881 - telegram.ext.ExtBot - DEBUG - Call to Bot API endpoint `getMe` finished with return value `{'id': 8074566163, 'is_bot': True, 'first_name': 'DM_Test', 'username': 'DMDZtestbot', 'can_join_groups': True, 'can_read_all_group_messages': False, 'supports_inline_queries': False, 'can_connect_to_business': False, 'has_main_web_app': False}`
2025-06-16 11:53:11,881 - telegram.ext.ExtBot - DEBUG - This Bot is already initialized.
2025-06-16 11:53:11,881 - telegram.ext.Updater - DEBUG - Updater started (polling)
2025-06-16 11:53:11,881 - telegram.ext - DEBUG - Network Retry Loop (Bootstrap delete Webhook): Starting
2025-06-16 11:53:11,881 - telegram.ext.Updater - DEBUG - Deleting webhook
2025-06-16 11:53:11,882 - telegram.ext.ExtBot - DEBUG - Calling Bot API endpoint `deleteWebhook` with parameters `{}`
2025-06-16 11:53:11,882 - httpcore.http11 - DEBUG - send_request_headers.started request=<Request [b'POST']>
2025-06-16 11:53:11,882 - httpcore.http11 - DEBUG - send_request_headers.complete
2025-06-16 11:53:11,882 - httpcore.http11 - DEBUG - send_request_body.started request=<Request [b'POST']>
2025-06-16 11:53:11,882 - httpcore.http11 - DEBUG - send_request_body.complete
2025-06-16 11:53:11,882 - httpcore.http11 - DEBUG - receive_response_headers.started request=<Request [b'POST']>
2025-06-16 11:53:11,954 - httpcore.http11 - DEBUG - receive_response_headers.complete return_value=(b'HTTP/1.1', 200, b'OK', [(b'Server', b'nginx/1.18.0'), (b'Date', b'Mon, 16 Jun 2025 09:53:12 GMT'), (b'Content-Type', b'application/json'), (b'Content-Length', b'68'), (b'Connection', b'keep-alive'), (b'Strict-Transport-Security', b'max-age=31536000; includeSubDomains; preload'), (b'Access-Control-Allow-Origin', b'*'), (b'Access-Control-Allow-Methods', b'GET, POST, OPTIONS'), (b'Access-Control-Expose-Headers', b'Content-Length,Content-Type,Date,Server,Connection')])
2025-06-16 11:53:11,955 - httpx - INFO - HTTP Request: POST https://api.telegram.org/bot8074566163:AAHrY-EO1pS2KfhnJSwVnuWtRHfdBs0g16s/deleteWebhook "HTTP/1.1 200 OK"
2025-06-16 11:53:11,955 - httpcore.http11 - DEBUG - receive_response_body.started request=<Request [b'POST']>
2025-06-16 11:53:11,955 - httpcore.http11 - DEBUG - receive_response_body.complete
2025-06-16 11:53:11,955 - httpcore.http11 - DEBUG - response_closed.started
2025-06-16 11:53:11,955 - httpcore.http11 - DEBUG - response_closed.complete
2025-06-16 11:53:11,955 - telegram.ext.ExtBot - DEBUG - Call to Bot API endpoint `deleteWebhook` finished with return value `True`
2025-06-16 11:53:11,955 - telegram.ext.Updater - DEBUG - Bootstrap done
2025-06-16 11:53:11,955 - telegram.ext.Updater - DEBUG - Waiting for polling to start
2025-06-16 11:53:11,955 - telegram.ext.Updater - DEBUG - Polling updates from Telegram started
2025-06-16 11:53:11,956 - telegram.ext - DEBUG - Network Retry Loop (Polling Updates): Starting
2025-06-16 11:53:11,956 - telegram.ext.ExtBot - DEBUG - Calling Bot API endpoint `getUpdates` with parameters `{'timeout': 10, 'offset': 0}`
2025-06-16 11:53:11,956 - telegram.ext.Application - INFO - Application started
2025-06-16 11:53:11,956 - httpcore.connection - DEBUG - connect_tcp.started host='api.telegram.org' port=443 local_address=None timeout=5.0 socket_options=None
2025-06-16 11:53:12,016 - httpcore.connection - DEBUG - connect_tcp.complete return_value=<httpcore._backends.anyio.AnyIOStream object at 0x104a3d070>
2025-06-16 11:53:12,017 - httpcore.connection - DEBUG - start_tls.started ssl_context=<ssl.SSLContext object at 0x104960650> server_hostname='api.telegram.org' timeout=5.0
2025-06-16 11:53:12,080 - httpcore.connection - DEBUG - start_tls.complete return_value=<httpcore._backends.anyio.AnyIOStream object at 0x1049843e0>
2025-06-16 11:53:12,080 - httpcore.http11 - DEBUG - send_request_headers.started request=<Request [b'POST']>
2025-06-16 11:53:12,080 - httpcore.http11 - DEBUG - send_request_headers.complete
2025-06-16 11:53:12,081 - httpcore.http11 - DEBUG - send_request_body.started request=<Request [b'POST']>
2025-06-16 11:53:12,081 - httpcore.http11 - DEBUG - send_request_body.complete
2025-06-16 11:53:12,081 - httpcore.http11 - DEBUG - receive_response_headers.started request=<Request [b'POST']>
2025-06-16 11:53:22,157 - httpcore.http11 - DEBUG - receive_response_headers.complete return_value=(b'HTTP/1.1', 200, b'OK', [(b'Server', b'nginx/1.18.0'), (b'Date', b'Mon, 16 Jun 2025 09:53:22 GMT'), (b'Content-Type', b'application/json'), (b'Content-Length', b'23'), (b'Connection', b'keep-alive'), (b'Strict-Transport-Security', b'max-age=31536000; includeSubDomains; preload'), (b'Access-Control-Allow-Origin', b'*'), (b'Access-Control-Allow-Methods', b'GET, POST, OPTIONS'), (b'Access-Control-Expose-Headers', b'Content-Length,Content-Type,Date,Server,Connection')])
2025-06-16 11:53:22,158 - httpx - INFO - HTTP Request: POST https://api.telegram.org/bot8074566163:AAHrY-EO1pS2KfhnJSwVnuWtRHfdBs0g16s/getUpdates "HTTP/1.1 200 OK"
2025-06-16 11:53:22,158 - httpcore.http11 - DEBUG - receive_response_body.started request=<Request [b'POST']>
2025-06-16 11:53:22,158 - httpcore.http11 - DEBUG - receive_response_body.complete
2025-06-16 11:53:22,158 - httpcore.http11 - DEBUG - response_closed.started
2025-06-16 11:53:22,158 - httpcore.http11 - DEBUG - response_closed.complete
2025-06-16 11:53:22,158 - telegram.ext.ExtBot - DEBUG - Call to Bot API endpoint `getUpdates` finished with return value `[]`
2025-06-16 11:53:22,158 - telegram.ext.ExtBot - DEBUG - No new updates found.
2025-06-16 11:53:22,159 - telegram.ext.ExtBot - DEBUG - Calling Bot API endpoint `getUpdates` with parameters `{'timeout': 10, 'offset': 0}`
2025-06-16 11:53:22,159 - httpcore.http11 - DEBUG - send_request_headers.started request=<Request [b'POST']>
2025-06-16 11:53:22,159 - httpcore.http11 - DEBUG - send_request_headers.complete
2025-06-16 11:53:22,159 - httpcore.http11 - DEBUG - send_request_body.started request=<Request [b'POST']>
2025-06-16 11:53:22,159 - httpcore.http11 - DEBUG - send_request_body.complete
2025-06-16 11:53:22,159 - httpcore.http11 - DEBUG - receive_response_headers.started request=<Request [b'POST']>
2025-06-16 11:53:22,237 - httpcore.http11 - DEBUG - receive_response_headers.complete return_value=(b'HTTP/1.1', 200, b'OK', [(b'Server', b'nginx/1.18.0'), (b'Date', b'Mon, 16 Jun 2025 09:53:22 GMT'), (b'Content-Type', b'application/json'), (b'Content-Length', b'431'), (b'Connection', b'keep-alive'), (b'Strict-Transport-Security', b'max-age=31536000; includeSubDomains; preload'), (b'Access-Control-Allow-Origin', b'*'), (b'Access-Control-Allow-Methods', b'GET, POST, OPTIONS'), (b'Access-Control-Expose-Headers', b'Content-Length,Content-Type,Date,Server,Connection')])
2025-06-16 11:53:22,237 - httpx - INFO - HTTP Request: POST https://api.telegram.org/bot8074566163:AAHrY-EO1pS2KfhnJSwVnuWtRHfdBs0g16s/getUpdates "HTTP/1.1 200 OK"
2025-06-16 11:53:22,238 - httpcore.http11 - DEBUG - receive_response_body.started request=<Request [b'POST']>
2025-06-16 11:53:22,238 - httpcore.http11 - DEBUG - receive_response_body.complete
2025-06-16 11:53:22,238 - httpcore.http11 - DEBUG - response_closed.started
2025-06-16 11:53:22,238 - httpcore.http11 - DEBUG - response_closed.complete
2025-06-16 11:53:22,238 - telegram.ext.ExtBot - DEBUG - Call to Bot API endpoint `getUpdates` finished with return value `[{'update_id': 111011618, 'message': {'message_id': 145, 'from': {'id': 1128054148, 'is_bot': False, 'first_name': 'Daniele', 'last_name': 'Zappalá', 'username': 'danzapp', 'language_code': 'it'}, 'chat': {'id': 1128054148, 'first_name': 'Daniele', 'last_name': 'Zappalá', 'username': 'danzapp', 'type': 'private'}, 'date': 1750067602, 'text': '/spesa food 12.00 pranzo', 'entities': [{'offset': 0, 'length': 6, 'type': 'bot_command'}]}}]`
2025-06-16 11:53:22,238 - telegram.ext.ExtBot - DEBUG - Getting updates: [111011618]
2025-06-16 11:53:22,238 - telegram.ext.Application - DEBUG - Processing update Update(message=Message(channel_chat_created=False, chat=Chat(first_name='Daniele', id=1128054148, last_name='Zappalá', type=<ChatType.PRIVATE>, username='danzapp'), date=datetime.datetime(2025, 6, 16, 9, 53, 22, tzinfo=datetime.timezone.utc), delete_chat_photo=False, entities=(MessageEntity(length=6, offset=0, type=<MessageEntityType.BOT_COMMAND>),), from_user=User(first_name='Daniele', id=1128054148, is_bot=False, language_code='it', last_name='Zappalá', username='danzapp'), group_chat_created=False, message_id=145, supergroup_chat_created=False, text='/spesa food 12.00 pranzo'), update_id=111011618)
2025-06-16 11:53:22,239 - __main__ - INFO - INIZIO spesa_command
2025-06-16 11:53:22,239 - __main__ - INFO - Command arguments: ['food', '12.00', 'pranzo']
2025-06-16 11:53:22,239 - __main__ - INFO - Prima di preparare dati per Google Sheets
2025-06-16 11:53:22,239 - __main__ - INFO - Chiamo add_row_to_sheet con: ['2025-06-16 11:53:22', 'danzapp', 'food', '12.00', 'pranzo']
2025-06-16 11:53:22,242 - googleapiclient.discovery_cache - INFO - file_cache is only supported with oauth2client<4.0.0
2025-06-16 11:53:22,245 - src.services.sheets - INFO - Servizio Google Sheets inizializzato con successo
2025-06-16 11:53:22,343 - googleapiclient.discovery - DEBUG - URL being requested: POST https://sheets.googleapis.com/v4/spreadsheets/1lghaMKWcI9Fj_1mv9R2nTDp7S2Wxy1KPceCw8F7DgSM/values/Sheet1%21A%3AE:append?valueInputOption=USER_ENTERED&insertDataOption=INSERT_ROWS&alt=json
2025-06-16 11:53:22,372 - google_auth_httplib2 - DEBUG - Making request: POST https://oauth2.googleapis.com/token
2025-06-16 11:53:24,220 - src.services.sheets - INFO - Spesa aggiunta con successo. Aggiornate 5 celle
2025-06-16 11:53:24,221 - __main__ - INFO - Risultato add_row_to_sheet: True
2025-06-16 11:53:24,221 - telegram.ext.ExtBot - DEBUG - Calling Bot API endpoint `sendMessage` with parameters `{'chat_id': 1128054148, 'text': 'Spesa aggiunta con successo!'}`
2025-06-16 11:53:24,222 - httpcore.connection - DEBUG - close.started
2025-06-16 11:53:24,224 - httpcore.connection - DEBUG - close.complete
2025-06-16 11:53:24,224 - httpcore.connection - DEBUG - connect_tcp.started host='api.telegram.org' port=443 local_address=None timeout=5.0 socket_options=None
2025-06-16 11:53:24,225 - telegram.ext.ExtBot - DEBUG - Calling Bot API endpoint `getUpdates` with parameters `{'timeout': 10, 'offset': 111011619}`
2025-06-16 11:53:24,225 - httpcore.http11 - DEBUG - send_request_headers.started request=<Request [b'POST']>
2025-06-16 11:53:24,226 - httpcore.http11 - DEBUG - send_request_headers.complete
2025-06-16 11:53:24,226 - httpcore.http11 - DEBUG - send_request_body.started request=<Request [b'POST']>
2025-06-16 11:53:24,227 - httpcore.http11 - DEBUG - send_request_body.complete
2025-06-16 11:53:24,227 - httpcore.http11 - DEBUG - receive_response_headers.started request=<Request [b'POST']>
2025-06-16 11:53:24,301 - httpcore.connection - DEBUG - connect_tcp.complete return_value=<httpcore._backends.anyio.AnyIOStream object at 0x10488d7c0>
2025-06-16 11:53:24,301 - httpcore.connection - DEBUG - start_tls.started ssl_context=<ssl.SSLContext object at 0x1049605d0> server_hostname='api.telegram.org' timeout=5.0
2025-06-16 11:53:24,397 - httpcore.connection - DEBUG - start_tls.complete return_value=<httpcore._backends.anyio.AnyIOStream object at 0x1047f1940>
2025-06-16 11:53:24,398 - httpcore.http11 - DEBUG - send_request_headers.started request=<Request [b'POST']>
2025-06-16 11:53:24,398 - httpcore.http11 - DEBUG - send_request_headers.complete
2025-06-16 11:53:24,398 - httpcore.http11 - DEBUG - send_request_body.started request=<Request [b'POST']>
2025-06-16 11:53:24,398 - httpcore.http11 - DEBUG - send_request_body.complete
2025-06-16 11:53:24,398 - httpcore.http11 - DEBUG - receive_response_headers.started request=<Request [b'POST']>
2025-06-16 11:53:24,556 - httpcore.http11 - DEBUG - receive_response_headers.complete return_value=(b'HTTP/1.1', 200, b'OK', [(b'Server', b'nginx/1.18.0'), (b'Date', b'Mon, 16 Jun 2025 09:53:24 GMT'), (b'Content-Type', b'application/json'), (b'Content-Length', b'295'), (b'Connection', b'keep-alive'), (b'Strict-Transport-Security', b'max-age=31536000; includeSubDomains; preload'), (b'Access-Control-Allow-Origin', b'*'), (b'Access-Control-Allow-Methods', b'GET, POST, OPTIONS'), (b'Access-Control-Expose-Headers', b'Content-Length,Content-Type,Date,Server,Connection')])
2025-06-16 11:53:24,557 - httpx - INFO - HTTP Request: POST https://api.telegram.org/bot8074566163:AAHrY-EO1pS2KfhnJSwVnuWtRHfdBs0g16s/sendMessage "HTTP/1.1 200 OK"
2025-06-16 11:53:24,557 - httpcore.http11 - DEBUG - receive_response_body.started request=<Request [b'POST']>
2025-06-16 11:53:24,557 - httpcore.http11 - DEBUG - receive_response_body.complete
2025-06-16 11:53:24,557 - httpcore.http11 - DEBUG - response_closed.started
2025-06-16 11:53:24,557 - httpcore.http11 - DEBUG - response_closed.complete
2025-06-16 11:53:24,558 - telegram.ext.ExtBot - DEBUG - Call to Bot API endpoint `sendMessage` finished with return value `{'message_id': 146, 'from': {'id': 8074566163, 'is_bot': True, 'first_name': 'DM_Test', 'username': 'DMDZtestbot'}, 'chat': {'id': 1128054148, 'first_name': 'Daniele', 'last_name': 'Zappalá', 'username': 'danzapp', 'type': 'private'}, 'date': 1750067604, 'text': 'Spesa aggiunta con successo!'}`
2025-06-16 11:53:24,558 - __main__ - INFO - Risposta inviata: Spesa aggiunta con successo!
2025-06-16 11:53:24,558 - __main__ - INFO - Expense added successfully: ['2025-06-16 11:53:22', 'danzapp', 'food', '12.00', 'pranzo']
2025-06-16 11:53:34,379 - httpcore.http11 - DEBUG - receive_response_headers.complete return_value=(b'HTTP/1.1', 200, b'OK', [(b'Server', b'nginx/1.18.0'), (b'Date', b'Mon, 16 Jun 2025 09:53:34 GMT'), (b'Content-Type', b'application/json'), (b'Content-Length', b'23'), (b'Connection', b'keep-alive'), (b'Strict-Transport-Security', b'max-age=31536000; includeSubDomains; preload'), (b'Access-Control-Allow-Origin', b'*'), (b'Access-Control-Allow-Methods', b'GET, POST, OPTIONS'), (b'Access-Control-Expose-Headers', b'Content-Length,Content-Type,Date,Server,Connection')])
2025-06-16 11:53:34,380 - httpx - INFO - HTTP Request: POST https://api.telegram.org/bot8074566163:AAHrY-EO1pS2KfhnJSwVnuWtRHfdBs0g16s/getUpdates "HTTP/1.1 200 OK"
2025-06-16 11:53:34,381 - httpcore.http11 - DEBUG - receive_response_body.started request=<Request [b'POST']>
2025-06-16 11:53:34,381 - httpcore.http11 - DEBUG - receive_response_body.complete
2025-06-16 11:53:34,381 - httpcore.http11 - DEBUG - response_closed.started
2025-06-16 11:53:34,381 - httpcore.http11 - DEBUG - response_closed.complete
2025-06-16 11:53:34,382 - telegram.ext.ExtBot - DEBUG - Call to Bot API endpoint `getUpdates` finished with return value `[]`
2025-06-16 11:53:34,382 - telegram.ext.ExtBot - DEBUG - No new updates found.
2025-06-16 11:53:34,383 - telegram.ext.ExtBot - DEBUG - Calling Bot API endpoint `getUpdates` with parameters `{'timeout': 10, 'offset': 111011619}`
2025-06-16 11:53:34,384 - httpcore.http11 - DEBUG - send_request_headers.started request=<Request [b'POST']>
2025-06-16 11:53:34,384 - httpcore.http11 - DEBUG - send_request_headers.complete
2025-06-16 11:53:34,385 - httpcore.http11 - DEBUG - send_request_body.started request=<Request [b'POST']>
2025-06-16 11:53:34,385 - httpcore.http11 - DEBUG - send_request_body.complete
2025-06-16 11:53:34,385 - httpcore.http11 - DEBUG - receive_response_headers.started request=<Request [b'POST']>
2025-06-16 11:53:44,456 - httpcore.http11 - DEBUG - receive_response_headers.complete return_value=(b'HTTP/1.1', 200, b'OK', [(b'Server', b'nginx/1.18.0'), (b'Date', b'Mon, 16 Jun 2025 09:53:44 GMT'), (b'Content-Type', b'application/json'), (b'Content-Length', b'23'), (b'Connection', b'keep-alive'), (b'Strict-Transport-Security', b'max-age=31536000; includeSubDomains; preload'), (b'Access-Control-Allow-Origin', b'*'), (b'Access-Control-Allow-Methods', b'GET, POST, OPTIONS'), (b'Access-Control-Expose-Headers', b'Content-Length,Content-Type,Date,Server,Connection')])
2025-06-16 11:53:44,457 - httpx - INFO - HTTP Request: POST https://api.telegram.org/bot8074566163:AAHrY-EO1pS2KfhnJSwVnuWtRHfdBs0g16s/getUpdates "HTTP/1.1 200 OK"
2025-06-16 11:53:44,458 - httpcore.http11 - DEBUG - receive_response_body.started request=<Request [b'POST']>
2025-06-16 11:53:44,458 - httpcore.http11 - DEBUG - receive_response_body.complete
2025-06-16 11:53:44,459 - httpcore.http11 - DEBUG - response_closed.started
2025-06-16 11:53:44,459 - httpcore.http11 - DEBUG - response_closed.complete
2025-06-16 11:53:44,460 - telegram.ext.ExtBot - DEBUG - Call to Bot API endpoint `getUpdates` finished with return value `[]`
2025-06-16 11:53:44,460 - telegram.ext.ExtBot - DEBUG - No new updates found.
2025-06-16 11:53:44,460 - telegram.ext.ExtBot - DEBUG - Calling Bot API endpoint `getUpdates` with parameters `{'timeout': 10, 'offset': 111011619}`
2025-06-16 11:53:44,461 - httpcore.http11 - DEBUG - send_request_headers.started request=<Request [b'POST']>
2025-06-16 11:53:44,462 - httpcore.http11 - DEBUG - send_request_headers.complete
2025-06-16 11:53:44,462 - httpcore.http11 - DEBUG - send_request_body.started request=<Request [b'POST']>
2025-06-16 11:53:44,463 - httpcore.http11 - DEBUG - send_request_body.complete
2025-06-16 11:53:44,463 - httpcore.http11 - DEBUG - receive_response_headers.started request=<Request [b'POST']>
2025-06-16 11:53:54,531 - httpcore.http11 - DEBUG - receive_response_headers.complete return_value=(b'HTTP/1.1', 200, b'OK', [(b'Server', b'nginx/1.18.0'), (b'Date', b'Mon, 16 Jun 2025 09:53:54 GMT'), (b'Content-Type', b'application/json'), (b'Content-Length', b'23'), (b'Connection', b'keep-alive'), (b'Strict-Transport-Security', b'max-age=31536000; includeSubDomains; preload'), (b'Access-Control-Allow-Origin', b'*'), (b'Access-Control-Allow-Methods', b'GET, POST, OPTIONS'), (b'Access-Control-Expose-Headers', b'Content-Length,Content-Type,Date,Server,Connection')])
2025-06-16 11:53:54,531 - httpx - INFO - HTTP Request: POST https://api.telegram.org/bot8074566163:AAHrY-EO1pS2KfhnJSwVnuWtRHfdBs0g16s/getUpdates "HTTP/1.1 200 OK"
2025-06-16 11:53:54,531 - httpcore.http11 - DEBUG - receive_response_body.started request=<Request [b'POST']>
2025-06-16 11:53:54,531 - httpcore.http11 - DEBUG - receive_response_body.complete
2025-06-16 11:53:54,531 - httpcore.http11 - DEBUG - response_closed.started
2025-06-16 11:53:54,531 - httpcore.http11 - DEBUG - response_closed.complete
2025-06-16 11:53:54,532 - telegram.ext.ExtBot - DEBUG - Call to Bot API endpoint `getUpdates` finished with return value `[]`
2025-06-16 11:53:54,532 - telegram.ext.ExtBot - DEBUG - No new updates found.
2025-06-16 11:53:54,532 - telegram.ext.ExtBot - DEBUG - Calling Bot API endpoint `getUpdates` with parameters `{'timeout': 10, 'offset': 111011619}`
2025-06-16 11:53:54,532 - httpcore.http11 - DEBUG - send_request_headers.started request=<Request [b'POST']>
2025-06-16 11:53:54,533 - httpcore.http11 - DEBUG - send_request_headers.complete
2025-06-16 11:53:54,533 - httpcore.http11 - DEBUG - send_request_body.started request=<Request [b'POST']>
2025-06-16 11:53:54,533 - httpcore.http11 - DEBUG - send_request_body.complete
2025-06-16 11:53:54,533 - httpcore.http11 - DEBUG - receive_response_headers.started request=<Request [b'POST']>
2025-06-16 11:54:04,601 - httpcore.http11 - DEBUG - receive_response_headers.complete return_value=(b'HTTP/1.1', 200, b'OK', [(b'Server', b'nginx/1.18.0'), (b'Date', b'Mon, 16 Jun 2025 09:54:04 GMT'), (b'Content-Type', b'application/json'), (b'Content-Length', b'23'), (b'Connection', b'keep-alive'), (b'Strict-Transport-Security', b'max-age=31536000; includeSubDomains; preload'), (b'Access-Control-Allow-Origin', b'*'), (b'Access-Control-Allow-Methods', b'GET, POST, OPTIONS'), (b'Access-Control-Expose-Headers', b'Content-Length,Content-Type,Date,Server,Connection')])
2025-06-16 11:54:04,603 - httpx - INFO - HTTP Request: POST https://api.telegram.org/bot8074566163:AAHrY-EO1pS2KfhnJSwVnuWtRHfdBs0g16s/getUpdates "HTTP/1.1 200 OK"
2025-06-16 11:54:04,603 - httpcore.http11 - DEBUG - receive_response_body.started request=<Request [b'POST']>
2025-06-16 11:54:04,604 - httpcore.http11 - DEBUG - receive_response_body.complete
2025-06-16 11:54:04,604 - httpcore.http11 - DEBUG - response_closed.started
2025-06-16 11:54:04,604 - httpcore.http11 - DEBUG - response_closed.complete
2025-06-16 11:54:04,605 - telegram.ext.ExtBot - DEBUG - Call to Bot API endpoint `getUpdates` finished with return value `[]`
2025-06-16 11:54:04,605 - telegram.ext.ExtBot - DEBUG - No new updates found.
2025-06-16 11:54:04,605 - telegram.ext.ExtBot - DEBUG - Calling Bot API endpoint `getUpdates` with parameters `{'timeout': 10, 'offset': 111011619}`
2025-06-16 11:54:04,606 - httpcore.http11 - DEBUG - send_request_headers.started request=<Request [b'POST']>
2025-06-16 11:54:04,607 - httpcore.http11 - DEBUG - send_request_headers.complete
2025-06-16 11:54:04,607 - httpcore.http11 - DEBUG - send_request_body.started request=<Request [b'POST']>
2025-06-16 11:54:04,608 - httpcore.http11 - DEBUG - send_request_body.complete
2025-06-16 11:54:04,608 - httpcore.http11 - DEBUG - receive_response_headers.started request=<Request [b'POST']>
2025-06-16 11:54:14,720 - httpcore.http11 - DEBUG - receive_response_headers.complete return_value=(b'HTTP/1.1', 200, b'OK', [(b'Server', b'nginx/1.18.0'), (b'Date', b'Mon, 16 Jun 2025 09:54:14 GMT'), (b'Content-Type', b'application/json'), (b'Content-Length', b'23'), (b'Connection', b'keep-alive'), (b'Strict-Transport-Security', b'max-age=31536000; includeSubDomains; preload'), (b'Access-Control-Allow-Origin', b'*'), (b'Access-Control-Allow-Methods', b'GET, POST, OPTIONS'), (b'Access-Control-Expose-Headers', b'Content-Length,Content-Type,Date,Server,Connection')])
2025-06-16 11:54:14,721 - httpx - INFO - HTTP Request: POST https://api.telegram.org/bot8074566163:AAHrY-EO1pS2KfhnJSwVnuWtRHfdBs0g16s/getUpdates "HTTP/1.1 200 OK"
2025-06-16 11:54:14,721 - httpcore.http11 - DEBUG - receive_response_body.started request=<Request [b'POST']>
2025-06-16 11:54:14,722 - httpcore.http11 - DEBUG - receive_response_body.complete
2025-06-16 11:54:14,722 - httpcore.http11 - DEBUG - response_closed.started
2025-06-16 11:54:14,723 - httpcore.http11 - DEBUG - response_closed.complete
2025-06-16 11:54:14,723 - telegram.ext.ExtBot - DEBUG - Call to Bot API endpoint `getUpdates` finished with return value `[]`
2025-06-16 11:54:14,723 - telegram.ext.ExtBot - DEBUG - No new updates found.
2025-06-16 11:54:14,724 - telegram.ext.ExtBot - DEBUG - Calling Bot API endpoint `getUpdates` with parameters `{'timeout': 10, 'offset': 111011619}`
2025-06-16 11:54:14,725 - httpcore.http11 - DEBUG - send_request_headers.started request=<Request [b'POST']>
2025-06-16 11:54:14,725 - httpcore.http11 - DEBUG - send_request_headers.complete
2025-06-16 11:54:14,725 - httpcore.http11 - DEBUG - send_request_body.started request=<Request [b'POST']>
2025-06-16 11:54:14,726 - httpcore.http11 - DEBUG - send_request_body.complete
2025-06-16 11:54:14,726 - httpcore.http11 - DEBUG - receive_response_headers.started request=<Request [b'POST']>
2025-06-16 11:54:24,794 - httpcore.http11 - DEBUG - receive_response_headers.complete return_value=(b'HTTP/1.1', 200, b'OK', [(b'Server', b'nginx/1.18.0'), (b'Date', b'Mon, 16 Jun 2025 09:54:25 GMT'), (b'Content-Type', b'application/json'), (b'Content-Length', b'23'), (b'Connection', b'keep-alive'), (b'Strict-Transport-Security', b'max-age=31536000; includeSubDomains; preload'), (b'Access-Control-Allow-Origin', b'*'), (b'Access-Control-Allow-Methods', b'GET, POST, OPTIONS'), (b'Access-Control-Expose-Headers', b'Content-Length,Content-Type,Date,Server,Connection')])
2025-06-16 11:54:24,794 - httpx - INFO - HTTP Request: POST https://api.telegram.org/bot8074566163:AAHrY-EO1pS2KfhnJSwVnuWtRHfdBs0g16s/getUpdates "HTTP/1.1 200 OK"
2025-06-16 11:54:24,794 - httpcore.http11 - DEBUG - receive_response_body.started request=<Request [b'POST']>
2025-06-16 11:54:24,795 - httpcore.http11 - DEBUG - receive_response_body.complete
2025-06-16 11:54:24,795 - httpcore.http11 - DEBUG - response_closed.started
2025-06-16 11:54:24,795 - httpcore.http11 - DEBUG - response_closed.complete
2025-06-16 11:54:24,795 - telegram.ext.ExtBot - DEBUG - Call to Bot API endpoint `getUpdates` finished with return value `[]`
2025-06-16 11:54:24,795 - telegram.ext.ExtBot - DEBUG - No new updates found.
2025-06-16 11:54:24,795 - telegram.ext.ExtBot - DEBUG - Calling Bot API endpoint `getUpdates` with parameters `{'timeout': 10, 'offset': 111011619}`
2025-06-16 11:54:24,795 - httpcore.http11 - DEBUG - send_request_headers.started request=<Request [b'POST']>
2025-06-16 11:54:24,795 - httpcore.http11 - DEBUG - send_request_headers.complete
2025-06-16 11:54:24,795 - httpcore.http11 - DEBUG - send_request_body.started request=<Request [b'POST']>
2025-06-16 11:54:24,795 - httpcore.http11 - DEBUG - send_request_body.complete
2025-06-16 11:54:24,795 - httpcore.http11 - DEBUG - receive_response_headers.started request=<Request [b'POST']>
2025-06-16 11:54:34,869 - httpcore.http11 - DEBUG - receive_response_headers.complete return_value=(b'HTTP/1.1', 200, b'OK', [(b'Server', b'nginx/1.18.0'), (b'Date', b'Mon, 16 Jun 2025 09:54:35 GMT'), (b'Content-Type', b'application/json'), (b'Content-Length', b'23'), (b'Connection', b'keep-alive'), (b'Strict-Transport-Security', b'max-age=31536000; includeSubDomains; preload'), (b'Access-Control-Allow-Origin', b'*'), (b'Access-Control-Allow-Methods', b'GET, POST, OPTIONS'), (b'Access-Control-Expose-Headers', b'Content-Length,Content-Type,Date,Server,Connection')])
2025-06-16 11:54:34,869 - httpx - INFO - HTTP Request: POST https://api.telegram.org/bot8074566163:AAHrY-EO1pS2KfhnJSwVnuWtRHfdBs0g16s/getUpdates "HTTP/1.1 200 OK"
2025-06-16 11:54:34,869 - httpcore.http11 - DEBUG - receive_response_body.started request=<Request [b'POST']>
2025-06-16 11:54:34,869 - httpcore.http11 - DEBUG - receive_response_body.complete
2025-06-16 11:54:34,869 - httpcore.http11 - DEBUG - response_closed.started
2025-06-16 11:54:34,869 - httpcore.http11 - DEBUG - response_closed.complete
2025-06-16 11:54:34,870 - telegram.ext.ExtBot - DEBUG - Call to Bot API endpoint `getUpdates` finished with return value `[]`
2025-06-16 11:54:34,870 - telegram.ext.ExtBot - DEBUG - No new updates found.
2025-06-16 11:54:34,870 - telegram.ext.ExtBot - DEBUG - Calling Bot API endpoint `getUpdates` with parameters `{'timeout': 10, 'offset': 111011619}`
2025-06-16 11:54:34,870 - httpcore.http11 - DEBUG - send_request_headers.started request=<Request [b'POST']>
2025-06-16 11:54:34,870 - httpcore.http11 - DEBUG - send_request_headers.complete
2025-06-16 11:54:34,870 - httpcore.http11 - DEBUG - send_request_body.started request=<Request [b'POST']>
2025-06-16 11:54:34,870 - httpcore.http11 - DEBUG - send_request_body.complete
2025-06-16 11:54:34,870 - httpcore.http11 - DEBUG - receive_response_headers.started request=<Request [b'POST']>
2025-06-16 11:54:44,945 - httpcore.http11 - DEBUG - receive_response_headers.complete return_value=(b'HTTP/1.1', 200, b'OK', [(b'Server', b'nginx/1.18.0'), (b'Date', b'Mon, 16 Jun 2025 09:54:45 GMT'), (b'Content-Type', b'application/json'), (b'Content-Length', b'23'), (b'Connection', b'keep-alive'), (b'Strict-Transport-Security', b'max-age=31536000; includeSubDomains; preload'), (b'Access-Control-Allow-Origin', b'*'), (b'Access-Control-Allow-Methods', b'GET, POST, OPTIONS'), (b'Access-Control-Expose-Headers', b'Content-Length,Content-Type,Date,Server,Connection')])
2025-06-16 11:54:44,946 - httpx - INFO - HTTP Request: POST https://api.telegram.org/bot8074566163:AAHrY-EO1pS2KfhnJSwVnuWtRHfdBs0g16s/getUpdates "HTTP/1.1 200 OK"
2025-06-16 11:54:44,946 - httpcore.http11 - DEBUG - receive_response_body.started request=<Request [b'POST']>
2025-06-16 11:54:44,946 - httpcore.http11 - DEBUG - receive_response_body.complete
2025-06-16 11:54:44,947 - httpcore.http11 - DEBUG - response_closed.started
2025-06-16 11:54:44,947 - httpcore.http11 - DEBUG - response_closed.complete
2025-06-16 11:54:44,947 - telegram.ext.ExtBot - DEBUG - Call to Bot API endpoint `getUpdates` finished with return value `[]`
2025-06-16 11:54:44,947 - telegram.ext.ExtBot - DEBUG - No new updates found.
2025-06-16 11:54:44,948 - telegram.ext.ExtBot - DEBUG - Calling Bot API endpoint `getUpdates` with parameters `{'timeout': 10, 'offset': 111011619}`
2025-06-16 11:54:44,949 - httpcore.http11 - DEBUG - send_request_headers.started request=<Request [b'POST']>
2025-06-16 11:54:44,949 - httpcore.http11 - DEBUG - send_request_headers.complete
2025-06-16 11:54:44,949 - httpcore.http11 - DEBUG - send_request_body.started request=<Request [b'POST']>
2025-06-16 11:54:44,950 - httpcore.http11 - DEBUG - send_request_body.complete
2025-06-16 11:54:44,950 - httpcore.http11 - DEBUG - receive_response_headers.started request=<Request [b'POST']>
2025-06-16 11:54:55,116 - httpcore.http11 - DEBUG - receive_response_headers.complete return_value=(b'HTTP/1.1', 200, b'OK', [(b'Server', b'nginx/1.18.0'), (b'Date', b'Mon, 16 Jun 2025 09:54:55 GMT'), (b'Content-Type', b'application/json'), (b'Content-Length', b'23'), (b'Connection', b'keep-alive'), (b'Strict-Transport-Security', b'max-age=31536000; includeSubDomains; preload'), (b'Access-Control-Allow-Origin', b'*'), (b'Access-Control-Allow-Methods', b'GET, POST, OPTIONS'), (b'Access-Control-Expose-Headers', b'Content-Length,Content-Type,Date,Server,Connection')])
2025-06-16 11:54:55,118 - httpx - INFO - HTTP Request: POST https://api.telegram.org/bot8074566163:AAHrY-EO1pS2KfhnJSwVnuWtRHfdBs0g16s/getUpdates "HTTP/1.1 200 OK"
2025-06-16 11:54:55,119 - httpcore.http11 - DEBUG - receive_response_body.started request=<Request [b'POST']>
2025-06-16 11:54:55,119 - httpcore.http11 - DEBUG - receive_response_body.complete
2025-06-16 11:54:55,119 - httpcore.http11 - DEBUG - response_closed.started
2025-06-16 11:54:55,120 - httpcore.http11 - DEBUG - response_closed.complete
2025-06-16 11:54:55,121 - telegram.ext.ExtBot - DEBUG - Call to Bot API endpoint `getUpdates` finished with return value `[]`
2025-06-16 11:54:55,121 - telegram.ext.ExtBot - DEBUG - No new updates found.
2025-06-16 11:54:55,122 - telegram.ext.ExtBot - DEBUG - Calling Bot API endpoint `getUpdates` with parameters `{'timeout': 10, 'offset': 111011619}`
2025-06-16 11:54:55,124 - httpcore.http11 - DEBUG - send_request_headers.started request=<Request [b'POST']>
2025-06-16 11:54:55,125 - httpcore.http11 - DEBUG - send_request_headers.complete
2025-06-16 11:54:55,125 - httpcore.http11 - DEBUG - send_request_body.started request=<Request [b'POST']>
2025-06-16 11:54:55,126 - httpcore.http11 - DEBUG - send_request_body.complete
2025-06-16 11:54:55,126 - httpcore.http11 - DEBUG - receive_response_headers.started request=<Request [b'POST']>
2025-06-16 11:55:05,190 - httpcore.http11 - DEBUG - receive_response_headers.complete return_value=(b'HTTP/1.1', 200, b'OK', [(b'Server', b'nginx/1.18.0'), (b'Date', b'Mon, 16 Jun 2025 09:55:05 GMT'), (b'Content-Type', b'application/json'), (b'Content-Length', b'23'), (b'Connection', b'keep-alive'), (b'Strict-Transport-Security', b'max-age=31536000; includeSubDomains; preload'), (b'Access-Control-Allow-Origin', b'*'), (b'Access-Control-Allow-Methods', b'GET, POST, OPTIONS'), (b'Access-Control-Expose-Headers', b'Content-Length,Content-Type,Date,Server,Connection')])
2025-06-16 11:55:05,191 - httpx - INFO - HTTP Request: POST https://api.telegram.org/bot8074566163:AAHrY-EO1pS2KfhnJSwVnuWtRHfdBs0g16s/getUpdates "HTTP/1.1 200 OK"
2025-06-16 11:55:05,192 - httpcore.http11 - DEBUG - receive_response_body.started request=<Request [b'POST']>
2025-06-16 11:55:05,192 - httpcore.http11 - DEBUG - receive_response_body.complete
2025-06-16 11:55:05,192 - httpcore.http11 - DEBUG - response_closed.started
2025-06-16 11:55:05,192 - httpcore.http11 - DEBUG - response_closed.complete
2025-06-16 11:55:05,193 - telegram.ext.ExtBot - DEBUG - Call to Bot API endpoint `getUpdates` finished with return value `[]`
2025-06-16 11:55:05,193 - telegram.ext.ExtBot - DEBUG - No new updates found.
2025-06-16 11:55:05,194 - telegram.ext.ExtBot - DEBUG - Calling Bot API endpoint `getUpdates` with parameters `{'timeout': 10, 'offset': 111011619}`
2025-06-16 11:55:05,195 - httpcore.http11 - DEBUG - send_request_headers.started request=<Request [b'POST']>
2025-06-16 11:55:05,195 - httpcore.http11 - DEBUG - send_request_headers.complete
2025-06-16 11:55:05,195 - httpcore.http11 - DEBUG - send_request_body.started request=<Request [b'POST']>
2025-06-16 11:55:05,196 - httpcore.http11 - DEBUG - send_request_body.complete
2025-06-16 11:55:05,197 - httpcore.http11 - DEBUG - receive_response_headers.started request=<Request [b'POST']>
2025-06-16 11:55:15,266 - httpcore.http11 - DEBUG - receive_response_headers.complete return_value=(b'HTTP/1.1', 200, b'OK', [(b'Server', b'nginx/1.18.0'), (b'Date', b'Mon, 16 Jun 2025 09:55:15 GMT'), (b'Content-Type', b'application/json'), (b'Content-Length', b'23'), (b'Connection', b'keep-alive'), (b'Strict-Transport-Security', b'max-age=31536000; includeSubDomains; preload'), (b'Access-Control-Allow-Origin', b'*'), (b'Access-Control-Allow-Methods', b'GET, POST, OPTIONS'), (b'Access-Control-Expose-Headers', b'Content-Length,Content-Type,Date,Server,Connection')])
2025-06-16 11:55:15,266 - httpx - INFO - HTTP Request: POST https://api.telegram.org/bot8074566163:AAHrY-EO1pS2KfhnJSwVnuWtRHfdBs0g16s/getUpdates "HTTP/1.1 200 OK"
2025-06-16 11:55:15,266 - httpcore.http11 - DEBUG - receive_response_body.started request=<Request [b'POST']>
2025-06-16 11:55:15,266 - httpcore.http11 - DEBUG - receive_response_body.complete
2025-06-16 11:55:15,266 - httpcore.http11 - DEBUG - response_closed.started
2025-06-16 11:55:15,267 - httpcore.http11 - DEBUG - response_closed.complete
2025-06-16 11:55:15,267 - telegram.ext.ExtBot - DEBUG - Call to Bot API endpoint `getUpdates` finished with return value `[]`
2025-06-16 11:55:15,267 - telegram.ext.ExtBot - DEBUG - No new updates found.
2025-06-16 11:55:15,267 - telegram.ext.ExtBot - DEBUG - Calling Bot API endpoint `getUpdates` with parameters `{'timeout': 10, 'offset': 111011619}`
2025-06-16 11:55:15,267 - httpcore.http11 - DEBUG - send_request_headers.started request=<Request [b'POST']>
2025-06-16 11:55:15,267 - httpcore.http11 - DEBUG - send_request_headers.complete
2025-06-16 11:55:15,267 - httpcore.http11 - DEBUG - send_request_body.started request=<Request [b'POST']>
2025-06-16 11:55:15,267 - httpcore.http11 - DEBUG - send_request_body.complete
2025-06-16 11:55:15,267 - httpcore.http11 - DEBUG - receive_response_headers.started request=<Request [b'POST']>
2025-06-16 11:55:25,342 - httpcore.http11 - DEBUG - receive_response_headers.complete return_value=(b'HTTP/1.1', 200, b'OK', [(b'Server', b'nginx/1.18.0'), (b'Date', b'Mon, 16 Jun 2025 09:55:25 GMT'), (b'Content-Type', b'application/json'), (b'Content-Length', b'23'), (b'Connection', b'keep-alive'), (b'Strict-Transport-Security', b'max-age=31536000; includeSubDomains; preload'), (b'Access-Control-Allow-Origin', b'*'), (b'Access-Control-Allow-Methods', b'GET, POST, OPTIONS'), (b'Access-Control-Expose-Headers', b'Content-Length,Content-Type,Date,Server,Connection')])
2025-06-16 11:55:25,343 - httpx - INFO - HTTP Request: POST https://api.telegram.org/bot8074566163:AAHrY-EO1pS2KfhnJSwVnuWtRHfdBs0g16s/getUpdates "HTTP/1.1 200 OK"
2025-06-16 11:55:25,343 - httpcore.http11 - DEBUG - receive_response_body.started request=<Request [b'POST']>
2025-06-16 11:55:25,344 - httpcore.http11 - DEBUG - receive_response_body.complete
2025-06-16 11:55:25,344 - httpcore.http11 - DEBUG - response_closed.started
2025-06-16 11:55:25,344 - httpcore.http11 - DEBUG - response_closed.complete
2025-06-16 11:55:25,345 - telegram.ext.ExtBot - DEBUG - Call to Bot API endpoint `getUpdates` finished with return value `[]`
2025-06-16 11:55:25,345 - telegram.ext.ExtBot - DEBUG - No new updates found.
2025-06-16 11:55:25,345 - telegram.ext.ExtBot - DEBUG - Calling Bot API endpoint `getUpdates` with parameters `{'timeout': 10, 'offset': 111011619}`
2025-06-16 11:55:25,346 - httpcore.http11 - DEBUG - send_request_headers.started request=<Request [b'POST']>
2025-06-16 11:55:25,347 - httpcore.http11 - DEBUG - send_request_headers.complete
2025-06-16 11:55:25,347 - httpcore.http11 - DEBUG - send_request_body.started request=<Request [b'POST']>
2025-06-16 11:55:25,348 - httpcore.http11 - DEBUG - send_request_body.complete
2025-06-16 11:55:25,348 - httpcore.http11 - DEBUG - receive_response_headers.started request=<Request [b'POST']>
2025-06-16 11:55:35,557 - httpcore.http11 - DEBUG - receive_response_headers.complete return_value=(b'HTTP/1.1', 200, b'OK', [(b'Server', b'nginx/1.18.0'), (b'Date', b'Mon, 16 Jun 2025 09:55:35 GMT'), (b'Content-Type', b'application/json'), (b'Content-Length', b'23'), (b'Connection', b'keep-alive'), (b'Strict-Transport-Security', b'max-age=31536000; includeSubDomains; preload'), (b'Access-Control-Allow-Origin', b'*'), (b'Access-Control-Allow-Methods', b'GET, POST, OPTIONS'), (b'Access-Control-Expose-Headers', b'Content-Length,Content-Type,Date,Server,Connection')])
2025-06-16 11:55:35,558 - httpx - INFO - HTTP Request: POST https://api.telegram.org/bot8074566163:AAHrY-EO1pS2KfhnJSwVnuWtRHfdBs0g16s/getUpdates "HTTP/1.1 200 OK"
2025-06-16 11:55:35,558 - httpcore.http11 - DEBUG - receive_response_body.started request=<Request [b'POST']>
2025-06-16 11:55:35,558 - httpcore.http11 - DEBUG - receive_response_body.complete
2025-06-16 11:55:35,559 - httpcore.http11 - DEBUG - response_closed.started
2025-06-16 11:55:35,559 - httpcore.http11 - DEBUG - response_closed.complete
2025-06-16 11:55:35,559 - telegram.ext.ExtBot - DEBUG - Call to Bot API endpoint `getUpdates` finished with return value `[]`
2025-06-16 11:55:35,559 - telegram.ext.ExtBot - DEBUG - No new updates found.
2025-06-16 11:55:35,560 - telegram.ext.ExtBot - DEBUG - Calling Bot API endpoint `getUpdates` with parameters `{'timeout': 10, 'offset': 111011619}`
2025-06-16 11:55:35,560 - httpcore.http11 - DEBUG - send_request_headers.started request=<Request [b'POST']>
2025-06-16 11:55:35,561 - httpcore.http11 - DEBUG - send_request_headers.complete
2025-06-16 11:55:35,561 - httpcore.http11 - DEBUG - send_request_body.started request=<Request [b'POST']>
2025-06-16 11:55:35,561 - httpcore.http11 - DEBUG - send_request_body.complete
2025-06-16 11:55:35,561 - httpcore.http11 - DEBUG - receive_response_headers.started request=<Request [b'POST']>
2025-06-16 11:55:45,623 - httpcore.http11 - DEBUG - receive_response_headers.complete return_value=(b'HTTP/1.1', 200, b'OK', [(b'Server', b'nginx/1.18.0'), (b'Date', b'Mon, 16 Jun 2025 09:55:45 GMT'), (b'Content-Type', b'application/json'), (b'Content-Length', b'23'), (b'Connection', b'keep-alive'), (b'Strict-Transport-Security', b'max-age=31536000; includeSubDomains; preload'), (b'Access-Control-Allow-Origin', b'*'), (b'Access-Control-Allow-Methods', b'GET, POST, OPTIONS'), (b'Access-Control-Expose-Headers', b'Content-Length,Content-Type,Date,Server,Connection')])
2025-06-16 11:55:45,624 - httpx - INFO - HTTP Request: POST https://api.telegram.org/bot8074566163:AAHrY-EO1pS2KfhnJSwVnuWtRHfdBs0g16s/getUpdates "HTTP/1.1 200 OK"
2025-06-16 11:55:45,625 - httpcore.http11 - DEBUG - receive_response_body.started request=<Request [b'POST']>
2025-06-16 11:55:45,625 - httpcore.http11 - DEBUG - receive_response_body.complete
2025-06-16 11:55:45,626 - httpcore.http11 - DEBUG - response_closed.started
2025-06-16 11:55:45,626 - httpcore.http11 - DEBUG - response_closed.complete
2025-06-16 11:55:45,627 - telegram.ext.ExtBot - DEBUG - Call to Bot API endpoint `getUpdates` finished with return value `[]`
2025-06-16 11:55:45,627 - telegram.ext.ExtBot - DEBUG - No new updates found.
2025-06-16 11:55:45,627 - telegram.ext.ExtBot - DEBUG - Calling Bot API endpoint `getUpdates` with parameters `{'timeout': 10, 'offset': 111011619}`
2025-06-16 11:55:45,628 - httpcore.http11 - DEBUG - send_request_headers.started request=<Request [b'POST']>
2025-06-16 11:55:45,630 - httpcore.http11 - DEBUG - send_request_headers.complete
2025-06-16 11:55:45,630 - httpcore.http11 - DEBUG - send_request_body.started request=<Request [b'POST']>
2025-06-16 11:55:45,631 - httpcore.http11 - DEBUG - send_request_body.complete
2025-06-16 11:55:45,631 - httpcore.http11 - DEBUG - receive_response_headers.started request=<Request [b'POST']>
2025-06-16 11:55:55,698 - httpcore.http11 - DEBUG - receive_response_headers.complete return_value=(b'HTTP/1.1', 200, b'OK', [(b'Server', b'nginx/1.18.0'), (b'Date', b'Mon, 16 Jun 2025 09:55:55 GMT'), (b'Content-Type', b'application/json'), (b'Content-Length', b'23'), (b'Connection', b'keep-alive'), (b'Strict-Transport-Security', b'max-age=31536000; includeSubDomains; preload'), (b'Access-Control-Allow-Origin', b'*'), (b'Access-Control-Allow-Methods', b'GET, POST, OPTIONS'), (b'Access-Control-Expose-Headers', b'Content-Length,Content-Type,Date,Server,Connection')])
2025-06-16 11:55:55,699 - httpx - INFO - HTTP Request: POST https://api.telegram.org/bot8074566163:AAHrY-EO1pS2KfhnJSwVnuWtRHfdBs0g16s/getUpdates "HTTP/1.1 200 OK"
2025-06-16 11:55:55,699 - httpcore.http11 - DEBUG - receive_response_body.started request=<Request [b'POST']>
2025-06-16 11:55:55,699 - httpcore.http11 - DEBUG - receive_response_body.complete
2025-06-16 11:55:55,700 - httpcore.http11 - DEBUG - response_closed.started
2025-06-16 11:55:55,700 - httpcore.http11 - DEBUG - response_closed.complete
2025-06-16 11:55:55,700 - telegram.ext.ExtBot - DEBUG - Call to Bot API endpoint `getUpdates` finished with return value `[]`
2025-06-16 11:55:55,700 - telegram.ext.ExtBot - DEBUG - No new updates found.
2025-06-16 11:55:55,700 - telegram.ext.ExtBot - DEBUG - Calling Bot API endpoint `getUpdates` with parameters `{'timeout': 10, 'offset': 111011619}`
2025-06-16 11:55:55,701 - httpcore.http11 - DEBUG - send_request_headers.started request=<Request [b'POST']>
2025-06-16 11:55:55,701 - httpcore.http11 - DEBUG - send_request_headers.complete
2025-06-16 11:55:55,701 - httpcore.http11 - DEBUG - send_request_body.started request=<Request [b'POST']>
2025-06-16 11:55:55,702 - httpcore.http11 - DEBUG - send_request_body.complete
2025-06-16 11:55:55,702 - httpcore.http11 - DEBUG - receive_response_headers.started request=<Request [b'POST']>
2025-06-16 11:56:05,891 - httpcore.http11 - DEBUG - receive_response_headers.complete return_value=(b'HTTP/1.1', 200, b'OK', [(b'Server', b'nginx/1.18.0'), (b'Date', b'Mon, 16 Jun 2025 09:56:06 GMT'), (b'Content-Type', b'application/json'), (b'Content-Length', b'23'), (b'Connection', b'keep-alive'), (b'Strict-Transport-Security', b'max-age=31536000; includeSubDomains; preload'), (b'Access-Control-Allow-Origin', b'*'), (b'Access-Control-Allow-Methods', b'GET, POST, OPTIONS'), (b'Access-Control-Expose-Headers', b'Content-Length,Content-Type,Date,Server,Connection')])
2025-06-16 11:56:05,892 - httpx - INFO - HTTP Request: POST https://api.telegram.org/bot8074566163:AAHrY-EO1pS2KfhnJSwVnuWtRHfdBs0g16s/getUpdates "HTTP/1.1 200 OK"
2025-06-16 11:56:05,892 - httpcore.http11 - DEBUG - receive_response_body.started request=<Request [b'POST']>
2025-06-16 11:56:05,892 - httpcore.http11 - DEBUG - receive_response_body.complete
2025-06-16 11:56:05,892 - httpcore.http11 - DEBUG - response_closed.started
2025-06-16 11:56:05,893 - httpcore.http11 - DEBUG - response_closed.complete
2025-06-16 11:56:05,893 - telegram.ext.ExtBot - DEBUG - Call to Bot API endpoint `getUpdates` finished with return value `[]`
2025-06-16 11:56:05,893 - telegram.ext.ExtBot - DEBUG - No new updates found.
2025-06-16 11:56:05,894 - telegram.ext.ExtBot - DEBUG - Calling Bot API endpoint `getUpdates` with parameters `{'timeout': 10, 'offset': 111011619}`
2025-06-16 11:56:05,894 - httpcore.http11 - DEBUG - send_request_headers.started request=<Request [b'POST']>
2025-06-16 11:56:05,895 - httpcore.http11 - DEBUG - send_request_headers.complete
2025-06-16 11:56:05,895 - httpcore.http11 - DEBUG - send_request_body.started request=<Request [b'POST']>
2025-06-16 11:56:05,895 - httpcore.http11 - DEBUG - send_request_body.complete
2025-06-16 11:56:05,895 - httpcore.http11 - DEBUG - receive_response_headers.started request=<Request [b'POST']>
2025-06-16 11:56:15,973 - httpcore.http11 - DEBUG - receive_response_headers.complete return_value=(b'HTTP/1.1', 200, b'OK', [(b'Server', b'nginx/1.18.0'), (b'Date', b'Mon, 16 Jun 2025 09:56:16 GMT'), (b'Content-Type', b'application/json'), (b'Content-Length', b'23'), (b'Connection', b'keep-alive'), (b'Strict-Transport-Security', b'max-age=31536000; includeSubDomains; preload'), (b'Access-Control-Allow-Origin', b'*'), (b'Access-Control-Allow-Methods', b'GET, POST, OPTIONS'), (b'Access-Control-Expose-Headers', b'Content-Length,Content-Type,Date,Server,Connection')])
2025-06-16 11:56:15,974 - httpx - INFO - HTTP Request: POST https://api.telegram.org/bot8074566163:AAHrY-EO1pS2KfhnJSwVnuWtRHfdBs0g16s/getUpdates "HTTP/1.1 200 OK"
2025-06-16 11:56:15,975 - httpcore.http11 - DEBUG - receive_response_body.started request=<Request [b'POST']>
2025-06-16 11:56:15,975 - httpcore.http11 - DEBUG - receive_response_body.complete
2025-06-16 11:56:15,975 - httpcore.http11 - DEBUG - response_closed.started
2025-06-16 11:56:15,975 - httpcore.http11 - DEBUG - response_closed.complete
2025-06-16 11:56:15,976 - telegram.ext.ExtBot - DEBUG - Call to Bot API endpoint `getUpdates` finished with return value `[]`
2025-06-16 11:56:15,976 - telegram.ext.ExtBot - DEBUG - No new updates found.
2025-06-16 11:56:15,977 - telegram.ext.ExtBot - DEBUG - Calling Bot API endpoint `getUpdates` with parameters `{'timeout': 10, 'offset': 111011619}`
2025-06-16 11:56:15,978 - httpcore.http11 - DEBUG - send_request_headers.started request=<Request [b'POST']>
2025-06-16 11:56:15,978 - httpcore.http11 - DEBUG - send_request_headers.complete
2025-06-16 11:56:15,978 - httpcore.http11 - DEBUG - send_request_body.started request=<Request [b'POST']>
2025-06-16 11:56:15,978 - httpcore.http11 - DEBUG - send_request_body.complete
2025-06-16 11:56:15,978 - httpcore.http11 - DEBUG - receive_response_headers.started request=<Request [b'POST']>
2025-06-16 11:56:26,040 - httpcore.http11 - DEBUG - receive_response_headers.complete return_value=(b'HTTP/1.1', 200, b'OK', [(b'Server', b'nginx/1.18.0'), (b'Date', b'Mon, 16 Jun 2025 09:56:26 GMT'), (b'Content-Type', b'application/json'), (b'Content-Length', b'23'), (b'Connection', b'keep-alive'), (b'Strict-Transport-Security', b'max-age=31536000; includeSubDomains; preload'), (b'Access-Control-Allow-Origin', b'*'), (b'Access-Control-Allow-Methods', b'GET, POST, OPTIONS'), (b'Access-Control-Expose-Headers', b'Content-Length,Content-Type,Date,Server,Connection')])
2025-06-16 11:56:26,040 - httpx - INFO - HTTP Request: POST https://api.telegram.org/bot8074566163:AAHrY-EO1pS2KfhnJSwVnuWtRHfdBs0g16s/getUpdates "HTTP/1.1 200 OK"
2025-06-16 11:56:26,040 - httpcore.http11 - DEBUG - receive_response_body.started request=<Request [b'POST']>
2025-06-16 11:56:26,041 - httpcore.http11 - DEBUG - receive_response_body.complete
2025-06-16 11:56:26,041 - httpcore.http11 - DEBUG - response_closed.started
2025-06-16 11:56:26,041 - httpcore.http11 - DEBUG - response_closed.complete
2025-06-16 11:56:26,041 - telegram.ext.ExtBot - DEBUG - Call to Bot API endpoint `getUpdates` finished with return value `[]`
2025-06-16 11:56:26,041 - telegram.ext.ExtBot - DEBUG - No new updates found.
2025-06-16 11:56:26,042 - telegram.ext.ExtBot - DEBUG - Calling Bot API endpoint `getUpdates` with parameters `{'timeout': 10, 'offset': 111011619}`
2025-06-16 11:56:26,042 - httpcore.http11 - DEBUG - send_request_headers.started request=<Request [b'POST']>
2025-06-16 11:56:26,042 - httpcore.http11 - DEBUG - send_request_headers.complete
2025-06-16 11:56:26,042 - httpcore.http11 - DEBUG - send_request_body.started request=<Request [b'POST']>
2025-06-16 11:56:26,042 - httpcore.http11 - DEBUG - send_request_body.complete
2025-06-16 11:56:26,042 - httpcore.http11 - DEBUG - receive_response_headers.started request=<Request [b'POST']>
2025-06-16 11:56:36,113 - httpcore.http11 - DEBUG - receive_response_headers.complete return_value=(b'HTTP/1.1', 200, b'OK', [(b'Server', b'nginx/1.18.0'), (b'Date', b'Mon, 16 Jun 2025 09:56:36 GMT'), (b'Content-Type', b'application/json'), (b'Content-Length', b'23'), (b'Connection', b'keep-alive'), (b'Strict-Transport-Security', b'max-age=31536000; includeSubDomains; preload'), (b'Access-Control-Allow-Origin', b'*'), (b'Access-Control-Allow-Methods', b'GET, POST, OPTIONS'), (b'Access-Control-Expose-Headers', b'Content-Length,Content-Type,Date,Server,Connection')])
2025-06-16 11:56:36,113 - httpx - INFO - HTTP Request: POST https://api.telegram.org/bot8074566163:AAHrY-EO1pS2KfhnJSwVnuWtRHfdBs0g16s/getUpdates "HTTP/1.1 200 OK"
2025-06-16 11:56:36,113 - httpcore.http11 - DEBUG - receive_response_body.started request=<Request [b'POST']>
2025-06-16 11:56:36,113 - httpcore.http11 - DEBUG - receive_response_body.complete
2025-06-16 11:56:36,113 - httpcore.http11 - DEBUG - response_closed.started
2025-06-16 11:56:36,113 - httpcore.http11 - DEBUG - response_closed.complete
2025-06-16 11:56:36,113 - telegram.ext.ExtBot - DEBUG - Call to Bot API endpoint `getUpdates` finished with return value `[]`
2025-06-16 11:56:36,113 - telegram.ext.ExtBot - DEBUG - No new updates found.
2025-06-16 11:56:36,113 - telegram.ext.ExtBot - DEBUG - Calling Bot API endpoint `getUpdates` with parameters `{'timeout': 10, 'offset': 111011619}`
2025-06-16 11:56:36,114 - httpcore.http11 - DEBUG - send_request_headers.started request=<Request [b'POST']>
2025-06-16 11:56:36,114 - httpcore.http11 - DEBUG - send_request_headers.complete
2025-06-16 11:56:36,114 - httpcore.http11 - DEBUG - send_request_body.started request=<Request [b'POST']>
2025-06-16 11:56:36,114 - httpcore.http11 - DEBUG - send_request_body.complete
2025-06-16 11:56:36,114 - httpcore.http11 - DEBUG - receive_response_headers.started request=<Request [b'POST']>
2025-06-16 11:56:46,180 - httpcore.http11 - DEBUG - receive_response_headers.complete return_value=(b'HTTP/1.1', 200, b'OK', [(b'Server', b'nginx/1.18.0'), (b'Date', b'Mon, 16 Jun 2025 09:56:46 GMT'), (b'Content-Type', b'application/json'), (b'Content-Length', b'23'), (b'Connection', b'keep-alive'), (b'Strict-Transport-Security', b'max-age=31536000; includeSubDomains; preload'), (b'Access-Control-Allow-Origin', b'*'), (b'Access-Control-Allow-Methods', b'GET, POST, OPTIONS'), (b'Access-Control-Expose-Headers', b'Content-Length,Content-Type,Date,Server,Connection')])
2025-06-16 11:56:46,180 - httpx - INFO - HTTP Request: POST https://api.telegram.org/bot8074566163:AAHrY-EO1pS2KfhnJSwVnuWtRHfdBs0g16s/getUpdates "HTTP/1.1 200 OK"
2025-06-16 11:56:46,180 - httpcore.http11 - DEBUG - receive_response_body.started request=<Request [b'POST']>
2025-06-16 11:56:46,180 - httpcore.http11 - DEBUG - receive_response_body.complete
2025-06-16 11:56:46,180 - httpcore.http11 - DEBUG - response_closed.started
2025-06-16 11:56:46,180 - httpcore.http11 - DEBUG - response_closed.complete
2025-06-16 11:56:46,181 - telegram.ext.ExtBot - DEBUG - Call to Bot API endpoint `getUpdates` finished with return value `[]`
2025-06-16 11:56:46,181 - telegram.ext.ExtBot - DEBUG - No new updates found.
2025-06-16 11:56:46,181 - telegram.ext.ExtBot - DEBUG - Calling Bot API endpoint `getUpdates` with parameters `{'timeout': 10, 'offset': 111011619}`
2025-06-16 11:56:46,181 - httpcore.http11 - DEBUG - send_request_headers.started request=<Request [b'POST']>
2025-06-16 11:56:46,181 - httpcore.http11 - DEBUG - send_request_headers.complete
2025-06-16 11:56:46,181 - httpcore.http11 - DEBUG - send_request_body.started request=<Request [b'POST']>
2025-06-16 11:56:46,181 - httpcore.http11 - DEBUG - send_request_body.complete
2025-06-16 11:56:46,181 - httpcore.http11 - DEBUG - receive_response_headers.started request=<Request [b'POST']>
2025-06-16 11:56:56,250 - httpcore.http11 - DEBUG - receive_response_headers.complete return_value=(b'HTTP/1.1', 200, b'OK', [(b'Server', b'nginx/1.18.0'), (b'Date', b'Mon, 16 Jun 2025 09:56:56 GMT'), (b'Content-Type', b'application/json'), (b'Content-Length', b'23'), (b'Connection', b'keep-alive'), (b'Strict-Transport-Security', b'max-age=31536000; includeSubDomains; preload'), (b'Access-Control-Allow-Origin', b'*'), (b'Access-Control-Allow-Methods', b'GET, POST, OPTIONS'), (b'Access-Control-Expose-Headers', b'Content-Length,Content-Type,Date,Server,Connection')])
2025-06-16 11:56:56,252 - httpx - INFO - HTTP Request: POST https://api.telegram.org/bot8074566163:AAHrY-EO1pS2KfhnJSwVnuWtRHfdBs0g16s/getUpdates "HTTP/1.1 200 OK"
2025-06-16 11:56:56,252 - httpcore.http11 - DEBUG - receive_response_body.started request=<Request [b'POST']>
2025-06-16 11:56:56,253 - httpcore.http11 - DEBUG - receive_response_body.complete
2025-06-16 11:56:56,253 - httpcore.http11 - DEBUG - response_closed.started
2025-06-16 11:56:56,253 - httpcore.http11 - DEBUG - response_closed.complete
2025-06-16 11:56:56,254 - telegram.ext.ExtBot - DEBUG - Call to Bot API endpoint `getUpdates` finished with return value `[]`
2025-06-16 11:56:56,254 - telegram.ext.ExtBot - DEBUG - No new updates found.
2025-06-16 11:56:56,255 - telegram.ext.ExtBot - DEBUG - Calling Bot API endpoint `getUpdates` with parameters `{'timeout': 10, 'offset': 111011619}`
2025-06-16 11:56:56,255 - httpcore.http11 - DEBUG - send_request_headers.started request=<Request [b'POST']>
2025-06-16 11:56:56,256 - httpcore.http11 - DEBUG - send_request_headers.complete
2025-06-16 11:56:56,256 - httpcore.http11 - DEBUG - send_request_body.started request=<Request [b'POST']>
2025-06-16 11:56:56,256 - httpcore.http11 - DEBUG - send_request_body.complete
2025-06-16 11:56:56,256 - httpcore.http11 - DEBUG - receive_response_headers.started request=<Request [b'POST']>
2025-06-16 11:57:06,323 - httpcore.http11 - DEBUG - receive_response_headers.complete return_value=(b'HTTP/1.1', 200, b'OK', [(b'Server', b'nginx/1.18.0'), (b'Date', b'Mon, 16 Jun 2025 09:57:06 GMT'), (b'Content-Type', b'application/json'), (b'Content-Length', b'23'), (b'Connection', b'keep-alive'), (b'Strict-Transport-Security', b'max-age=31536000; includeSubDomains; preload'), (b'Access-Control-Allow-Origin', b'*'), (b'Access-Control-Allow-Methods', b'GET, POST, OPTIONS'), (b'Access-Control-Expose-Headers', b'Content-Length,Content-Type,Date,Server,Connection')])
2025-06-16 11:57:06,324 - httpx - INFO - HTTP Request: POST https://api.telegram.org/bot8074566163:AAHrY-EO1pS2KfhnJSwVnuWtRHfdBs0g16s/getUpdates "HTTP/1.1 200 OK"
2025-06-16 11:57:06,324 - httpcore.http11 - DEBUG - receive_response_body.started request=<Request [b'POST']>
2025-06-16 11:57:06,324 - httpcore.http11 - DEBUG - receive_response_body.complete
2025-06-16 11:57:06,324 - httpcore.http11 - DEBUG - response_closed.started
2025-06-16 11:57:06,324 - httpcore.http11 - DEBUG - response_closed.complete
2025-06-16 11:57:06,324 - telegram.ext.ExtBot - DEBUG - Call to Bot API endpoint `getUpdates` finished with return value `[]`
2025-06-16 11:57:06,324 - telegram.ext.ExtBot - DEBUG - No new updates found.
2025-06-16 11:57:06,324 - telegram.ext.ExtBot - DEBUG - Calling Bot API endpoint `getUpdates` with parameters `{'timeout': 10, 'offset': 111011619}`
2025-06-16 11:57:06,324 - httpcore.http11 - DEBUG - send_request_headers.started request=<Request [b'POST']>
2025-06-16 11:57:06,324 - httpcore.http11 - DEBUG - send_request_headers.complete
2025-06-16 11:57:06,324 - httpcore.http11 - DEBUG - send_request_body.started request=<Request [b'POST']>
2025-06-16 11:57:06,325 - httpcore.http11 - DEBUG - send_request_body.complete
2025-06-16 11:57:06,325 - httpcore.http11 - DEBUG - receive_response_headers.started request=<Request [b'POST']>
2025-06-16 11:57:16,406 - httpcore.http11 - DEBUG - receive_response_headers.complete return_value=(b'HTTP/1.1', 200, b'OK', [(b'Server', b'nginx/1.18.0'), (b'Date', b'Mon, 16 Jun 2025 09:57:16 GMT'), (b'Content-Type', b'application/json'), (b'Content-Length', b'23'), (b'Connection', b'keep-alive'), (b'Strict-Transport-Security', b'max-age=31536000; includeSubDomains; preload'), (b'Access-Control-Allow-Origin', b'*'), (b'Access-Control-Allow-Methods', b'GET, POST, OPTIONS'), (b'Access-Control-Expose-Headers', b'Content-Length,Content-Type,Date,Server,Connection')])
2025-06-16 11:57:16,406 - httpx - INFO - HTTP Request: POST https://api.telegram.org/bot8074566163:AAHrY-EO1pS2KfhnJSwVnuWtRHfdBs0g16s/getUpdates "HTTP/1.1 200 OK"
2025-06-16 11:57:16,406 - httpcore.http11 - DEBUG - receive_response_body.started request=<Request [b'POST']>
2025-06-16 11:57:16,406 - httpcore.http11 - DEBUG - receive_response_body.complete
2025-06-16 11:57:16,406 - httpcore.http11 - DEBUG - response_closed.started
2025-06-16 11:57:16,407 - httpcore.http11 - DEBUG - response_closed.complete
2025-06-16 11:57:16,407 - telegram.ext.ExtBot - DEBUG - Call to Bot API endpoint `getUpdates` finished with return value `[]`
2025-06-16 11:57:16,407 - telegram.ext.ExtBot - DEBUG - No new updates found.
2025-06-16 11:57:16,407 - telegram.ext.ExtBot - DEBUG - Calling Bot API endpoint `getUpdates` with parameters `{'timeout': 10, 'offset': 111011619}`
2025-06-16 11:57:16,407 - httpcore.http11 - DEBUG - send_request_headers.started request=<Request [b'POST']>
2025-06-16 11:57:16,407 - httpcore.http11 - DEBUG - send_request_headers.complete
2025-06-16 11:57:16,407 - httpcore.http11 - DEBUG - send_request_body.started request=<Request [b'POST']>
2025-06-16 11:57:16,407 - httpcore.http11 - DEBUG - send_request_body.complete
2025-06-16 11:57:16,407 - httpcore.http11 - DEBUG - receive_response_headers.started request=<Request [b'POST']>
2025-06-16 11:57:26,477 - httpcore.http11 - DEBUG - receive_response_headers.complete return_value=(b'HTTP/1.1', 200, b'OK', [(b'Server', b'nginx/1.18.0'), (b'Date', b'Mon, 16 Jun 2025 09:57:26 GMT'), (b'Content-Type', b'application/json'), (b'Content-Length', b'23'), (b'Connection', b'keep-alive'), (b'Strict-Transport-Security', b'max-age=31536000; includeSubDomains; preload'), (b'Access-Control-Allow-Origin', b'*'), (b'Access-Control-Allow-Methods', b'GET, POST, OPTIONS'), (b'Access-Control-Expose-Headers', b'Content-Length,Content-Type,Date,Server,Connection')])
2025-06-16 11:57:26,477 - httpx - INFO - HTTP Request: POST https://api.telegram.org/bot8074566163:AAHrY-EO1pS2KfhnJSwVnuWtRHfdBs0g16s/getUpdates "HTTP/1.1 200 OK"
2025-06-16 11:57:26,477 - httpcore.http11 - DEBUG - receive_response_body.started request=<Request [b'POST']>
2025-06-16 11:57:26,477 - httpcore.http11 - DEBUG - receive_response_body.complete
2025-06-16 11:57:26,477 - httpcore.http11 - DEBUG - response_closed.started
2025-06-16 11:57:26,477 - httpcore.http11 - DEBUG - response_closed.complete
2025-06-16 11:57:26,477 - telegram.ext.ExtBot - DEBUG - Call to Bot API endpoint `getUpdates` finished with return value `[]`
2025-06-16 11:57:26,477 - telegram.ext.ExtBot - DEBUG - No new updates found.
2025-06-16 11:57:26,478 - telegram.ext.ExtBot - DEBUG - Calling Bot API endpoint `getUpdates` with parameters `{'timeout': 10, 'offset': 111011619}`
2025-06-16 11:57:26,478 - httpcore.http11 - DEBUG - send_request_headers.started request=<Request [b'POST']>
2025-06-16 11:57:26,478 - httpcore.http11 - DEBUG - send_request_headers.complete
2025-06-16 11:57:26,478 - httpcore.http11 - DEBUG - send_request_body.started request=<Request [b'POST']>
2025-06-16 11:57:26,478 - httpcore.http11 - DEBUG - send_request_body.complete
2025-06-16 11:57:26,478 - httpcore.http11 - DEBUG - receive_response_headers.started request=<Request [b'POST']>
2025-06-16 11:57:36,541 - httpcore.http11 - DEBUG - receive_response_headers.complete return_value=(b'HTTP/1.1', 200, b'OK', [(b'Server', b'nginx/1.18.0'), (b'Date', b'Mon, 16 Jun 2025 09:57:36 GMT'), (b'Content-Type', b'application/json'), (b'Content-Length', b'23'), (b'Connection', b'keep-alive'), (b'Strict-Transport-Security', b'max-age=31536000; includeSubDomains; preload'), (b'Access-Control-Allow-Origin', b'*'), (b'Access-Control-Allow-Methods', b'GET, POST, OPTIONS'), (b'Access-Control-Expose-Headers', b'Content-Length,Content-Type,Date,Server,Connection')])
2025-06-16 11:57:36,541 - httpx - INFO - HTTP Request: POST https://api.telegram.org/bot8074566163:AAHrY-EO1pS2KfhnJSwVnuWtRHfdBs0g16s/getUpdates "HTTP/1.1 200 OK"
2025-06-16 11:57:36,542 - httpcore.http11 - DEBUG - receive_response_body.started request=<Request [b'POST']>
2025-06-16 11:57:36,542 - httpcore.http11 - DEBUG - receive_response_body.complete
2025-06-16 11:57:36,542 - httpcore.http11 - DEBUG - response_closed.started
2025-06-16 11:57:36,542 - httpcore.http11 - DEBUG - response_closed.complete
2025-06-16 11:57:36,543 - telegram.ext.ExtBot - DEBUG - Call to Bot API endpoint `getUpdates` finished with return value `[]`
2025-06-16 11:57:36,543 - telegram.ext.ExtBot - DEBUG - No new updates found.
2025-06-16 11:57:36,543 - telegram.ext.ExtBot - DEBUG - Calling Bot API endpoint `getUpdates` with parameters `{'timeout': 10, 'offset': 111011619}`
2025-06-16 11:57:36,544 - httpcore.http11 - DEBUG - send_request_headers.started request=<Request [b'POST']>
2025-06-16 11:57:36,544 - httpcore.http11 - DEBUG - send_request_headers.complete
2025-06-16 11:57:36,544 - httpcore.http11 - DEBUG - send_request_body.started request=<Request [b'POST']>
2025-06-16 11:57:36,545 - httpcore.http11 - DEBUG - send_request_body.complete
2025-06-16 11:57:36,545 - httpcore.http11 - DEBUG - receive_response_headers.started request=<Request [b'POST']>
2025-06-16 11:57:46,621 - httpcore.http11 - DEBUG - receive_response_headers.complete return_value=(b'HTTP/1.1', 200, b'OK', [(b'Server', b'nginx/1.18.0'), (b'Date', b'Mon, 16 Jun 2025 09:57:46 GMT'), (b'Content-Type', b'application/json'), (b'Content-Length', b'23'), (b'Connection', b'keep-alive'), (b'Strict-Transport-Security', b'max-age=31536000; includeSubDomains; preload'), (b'Access-Control-Allow-Origin', b'*'), (b'Access-Control-Allow-Methods', b'GET, POST, OPTIONS'), (b'Access-Control-Expose-Headers', b'Content-Length,Content-Type,Date,Server,Connection')])
2025-06-16 11:57:46,621 - httpx - INFO - HTTP Request: POST https://api.telegram.org/bot8074566163:AAHrY-EO1pS2KfhnJSwVnuWtRHfdBs0g16s/getUpdates "HTTP/1.1 200 OK"
2025-06-16 11:57:46,622 - httpcore.http11 - DEBUG - receive_response_body.started request=<Request [b'POST']>
2025-06-16 11:57:46,622 - httpcore.http11 - DEBUG - receive_response_body.complete
2025-06-16 11:57:46,622 - httpcore.http11 - DEBUG - response_closed.started
2025-06-16 11:57:46,623 - httpcore.http11 - DEBUG - response_closed.complete
2025-06-16 11:57:46,623 - telegram.ext.ExtBot - DEBUG - Call to Bot API endpoint `getUpdates` finished with return value `[]`
2025-06-16 11:57:46,623 - telegram.ext.ExtBot - DEBUG - No new updates found.
2025-06-16 11:57:46,624 - telegram.ext.ExtBot - DEBUG - Calling Bot API endpoint `getUpdates` with parameters `{'timeout': 10, 'offset': 111011619}`
2025-06-16 11:57:46,625 - httpcore.http11 - DEBUG - send_request_headers.started request=<Request [b'POST']>
2025-06-16 11:57:46,625 - httpcore.http11 - DEBUG - send_request_headers.complete
2025-06-16 11:57:46,625 - httpcore.http11 - DEBUG - send_request_body.started request=<Request [b'POST']>
2025-06-16 11:57:46,626 - httpcore.http11 - DEBUG - send_request_body.complete
2025-06-16 11:57:46,626 - httpcore.http11 - DEBUG - receive_response_headers.started request=<Request [b'POST']>
2025-06-16 11:57:56,695 - httpcore.http11 - DEBUG - receive_response_headers.complete return_value=(b'HTTP/1.1', 200, b'OK', [(b'Server', b'nginx/1.18.0'), (b'Date', b'Mon, 16 Jun 2025 09:57:56 GMT'), (b'Content-Type', b'application/json'), (b'Content-Length', b'23'), (b'Connection', b'keep-alive'), (b'Strict-Transport-Security', b'max-age=31536000; includeSubDomains; preload'), (b'Access-Control-Allow-Origin', b'*'), (b'Access-Control-Allow-Methods', b'GET, POST, OPTIONS'), (b'Access-Control-Expose-Headers', b'Content-Length,Content-Type,Date,Server,Connection')])
2025-06-16 11:57:56,696 - httpx - INFO - HTTP Request: POST https://api.telegram.org/bot8074566163:AAHrY-EO1pS2KfhnJSwVnuWtRHfdBs0g16s/getUpdates "HTTP/1.1 200 OK"
2025-06-16 11:57:56,697 - httpcore.http11 - DEBUG - receive_response_body.started request=<Request [b'POST']>
2025-06-16 11:57:56,697 - httpcore.http11 - DEBUG - receive_response_body.complete
2025-06-16 11:57:56,698 - httpcore.http11 - DEBUG - response_closed.started
2025-06-16 11:57:56,698 - httpcore.http11 - DEBUG - response_closed.complete
2025-06-16 11:57:56,698 - telegram.ext.ExtBot - DEBUG - Call to Bot API endpoint `getUpdates` finished with return value `[]`
2025-06-16 11:57:56,699 - telegram.ext.ExtBot - DEBUG - No new updates found.
2025-06-16 11:57:56,699 - telegram.ext.ExtBot - DEBUG - Calling Bot API endpoint `getUpdates` with parameters `{'timeout': 10, 'offset': 111011619}`
2025-06-16 11:57:56,700 - httpcore.http11 - DEBUG - send_request_headers.started request=<Request [b'POST']>
2025-06-16 11:57:56,701 - httpcore.http11 - DEBUG - send_request_headers.complete
2025-06-16 11:57:56,701 - httpcore.http11 - DEBUG - send_request_body.started request=<Request [b'POST']>
2025-06-16 11:57:56,702 - httpcore.http11 - DEBUG - send_request_body.complete
2025-06-16 11:57:56,702 - httpcore.http11 - DEBUG - receive_response_headers.started request=<Request [b'POST']>
2025-06-16 11:58:06,765 - httpcore.http11 - DEBUG - receive_response_headers.complete return_value=(b'HTTP/1.1', 200, b'OK', [(b'Server', b'nginx/1.18.0'), (b'Date', b'Mon, 16 Jun 2025 09:58:07 GMT'), (b'Content-Type', b'application/json'), (b'Content-Length', b'23'), (b'Connection', b'keep-alive'), (b'Strict-Transport-Security', b'max-age=31536000; includeSubDomains; preload'), (b'Access-Control-Allow-Origin', b'*'), (b'Access-Control-Allow-Methods', b'GET, POST, OPTIONS'), (b'Access-Control-Expose-Headers', b'Content-Length,Content-Type,Date,Server,Connection')])
2025-06-16 11:58:06,766 - httpx - INFO - HTTP Request: POST https://api.telegram.org/bot8074566163:AAHrY-EO1pS2KfhnJSwVnuWtRHfdBs0g16s/getUpdates "HTTP/1.1 200 OK"
2025-06-16 11:58:06,766 - httpcore.http11 - DEBUG - receive_response_body.started request=<Request [b'POST']>
2025-06-16 11:58:06,766 - httpcore.http11 - DEBUG - receive_response_body.complete
2025-06-16 11:58:06,767 - httpcore.http11 - DEBUG - response_closed.started
2025-06-16 11:58:06,767 - httpcore.http11 - DEBUG - response_closed.complete
2025-06-16 11:58:06,767 - telegram.ext.ExtBot - DEBUG - Call to Bot API endpoint `getUpdates` finished with return value `[]`
2025-06-16 11:58:06,768 - telegram.ext.ExtBot - DEBUG - No new updates found.
2025-06-16 11:58:06,768 - telegram.ext.ExtBot - DEBUG - Calling Bot API endpoint `getUpdates` with parameters `{'timeout': 10, 'offset': 111011619}`
2025-06-16 11:58:06,769 - httpcore.http11 - DEBUG - send_request_headers.started request=<Request [b'POST']>
2025-06-16 11:58:06,770 - httpcore.http11 - DEBUG - send_request_headers.complete
2025-06-16 11:58:06,770 - httpcore.http11 - DEBUG - send_request_body.started request=<Request [b'POST']>
2025-06-16 11:58:06,770 - httpcore.http11 - DEBUG - send_request_body.complete
2025-06-16 11:58:06,770 - httpcore.http11 - DEBUG - receive_response_headers.started request=<Request [b'POST']>
2025-06-16 11:58:16,854 - httpcore.http11 - DEBUG - receive_response_headers.complete return_value=(b'HTTP/1.1', 200, b'OK', [(b'Server', b'nginx/1.18.0'), (b'Date', b'Mon, 16 Jun 2025 09:58:17 GMT'), (b'Content-Type', b'application/json'), (b'Content-Length', b'23'), (b'Connection', b'keep-alive'), (b'Strict-Transport-Security', b'max-age=31536000; includeSubDomains; preload'), (b'Access-Control-Allow-Origin', b'*'), (b'Access-Control-Allow-Methods', b'GET, POST, OPTIONS'), (b'Access-Control-Expose-Headers', b'Content-Length,Content-Type,Date,Server,Connection')])
2025-06-16 11:58:16,854 - httpx - INFO - HTTP Request: POST https://api.telegram.org/bot8074566163:AAHrY-EO1pS2KfhnJSwVnuWtRHfdBs0g16s/getUpdates "HTTP/1.1 200 OK"
2025-06-16 11:58:16,854 - httpcore.http11 - DEBUG - receive_response_body.started request=<Request [b'POST']>
2025-06-16 11:58:16,854 - httpcore.http11 - DEBUG - receive_response_body.complete
2025-06-16 11:58:16,854 - httpcore.http11 - DEBUG - response_closed.started
2025-06-16 11:58:16,854 - httpcore.http11 - DEBUG - response_closed.complete
2025-06-16 11:58:16,854 - telegram.ext.ExtBot - DEBUG - Call to Bot API endpoint `getUpdates` finished with return value `[]`
2025-06-16 11:58:16,854 - telegram.ext.ExtBot - DEBUG - No new updates found.
2025-06-16 11:58:16,854 - telegram.ext.ExtBot - DEBUG - Calling Bot API endpoint `getUpdates` with parameters `{'timeout': 10, 'offset': 111011619}`
2025-06-16 11:58:16,855 - httpcore.http11 - DEBUG - send_request_headers.started request=<Request [b'POST']>
2025-06-16 11:58:16,855 - httpcore.http11 - DEBUG - send_request_headers.complete
2025-06-16 11:58:16,855 - httpcore.http11 - DEBUG - send_request_body.started request=<Request [b'POST']>
2025-06-16 11:58:16,855 - httpcore.http11 - DEBUG - send_request_body.complete
2025-06-16 11:58:16,855 - httpcore.http11 - DEBUG - receive_response_headers.started request=<Request [b'POST']>
2025-06-16 11:58:26,919 - httpcore.http11 - DEBUG - receive_response_headers.complete return_value=(b'HTTP/1.1', 200, b'OK', [(b'Server', b'nginx/1.18.0'), (b'Date', b'Mon, 16 Jun 2025 09:58:27 GMT'), (b'Content-Type', b'application/json'), (b'Content-Length', b'23'), (b'Connection', b'keep-alive'), (b'Strict-Transport-Security', b'max-age=31536000; includeSubDomains; preload'), (b'Access-Control-Allow-Origin', b'*'), (b'Access-Control-Allow-Methods', b'GET, POST, OPTIONS'), (b'Access-Control-Expose-Headers', b'Content-Length,Content-Type,Date,Server,Connection')])
2025-06-16 11:58:26,920 - httpx - INFO - HTTP Request: POST https://api.telegram.org/bot8074566163:AAHrY-EO1pS2KfhnJSwVnuWtRHfdBs0g16s/getUpdates "HTTP/1.1 200 OK"
2025-06-16 11:58:26,920 - httpcore.http11 - DEBUG - receive_response_body.started request=<Request [b'POST']>
2025-06-16 11:58:26,921 - httpcore.http11 - DEBUG - receive_response_body.complete
2025-06-16 11:58:26,921 - httpcore.http11 - DEBUG - response_closed.started
2025-06-16 11:58:26,921 - httpcore.http11 - DEBUG - response_closed.complete
2025-06-16 11:58:26,922 - telegram.ext.ExtBot - DEBUG - Call to Bot API endpoint `getUpdates` finished with return value `[]`
2025-06-16 11:58:26,922 - telegram.ext.ExtBot - DEBUG - No new updates found.
2025-06-16 11:58:26,922 - telegram.ext.ExtBot - DEBUG - Calling Bot API endpoint `getUpdates` with parameters `{'timeout': 10, 'offset': 111011619}`
2025-06-16 11:58:26,923 - httpcore.http11 - DEBUG - send_request_headers.started request=<Request [b'POST']>
2025-06-16 11:58:26,924 - httpcore.http11 - DEBUG - send_request_headers.complete
2025-06-16 11:58:26,924 - httpcore.http11 - DEBUG - send_request_body.started request=<Request [b'POST']>
2025-06-16 11:58:26,925 - httpcore.http11 - DEBUG - send_request_body.complete
2025-06-16 11:58:26,925 - httpcore.http11 - DEBUG - receive_response_headers.started request=<Request [b'POST']>
2025-06-16 11:58:36,988 - httpcore.http11 - DEBUG - receive_response_headers.complete return_value=(b'HTTP/1.1', 200, b'OK', [(b'Server', b'nginx/1.18.0'), (b'Date', b'Mon, 16 Jun 2025 09:58:37 GMT'), (b'Content-Type', b'application/json'), (b'Content-Length', b'23'), (b'Connection', b'keep-alive'), (b'Strict-Transport-Security', b'max-age=31536000; includeSubDomains; preload'), (b'Access-Control-Allow-Origin', b'*'), (b'Access-Control-Allow-Methods', b'GET, POST, OPTIONS'), (b'Access-Control-Expose-Headers', b'Content-Length,Content-Type,Date,Server,Connection')])
2025-06-16 11:58:36,988 - httpx - INFO - HTTP Request: POST https://api.telegram.org/bot8074566163:AAHrY-EO1pS2KfhnJSwVnuWtRHfdBs0g16s/getUpdates "HTTP/1.1 200 OK"
2025-06-16 11:58:36,988 - httpcore.http11 - DEBUG - receive_response_body.started request=<Request [b'POST']>
2025-06-16 11:58:36,988 - httpcore.http11 - DEBUG - receive_response_body.complete
2025-06-16 11:58:36,988 - httpcore.http11 - DEBUG - response_closed.started
2025-06-16 11:58:36,988 - httpcore.http11 - DEBUG - response_closed.complete
2025-06-16 11:58:36,989 - telegram.ext.ExtBot - DEBUG - Call to Bot API endpoint `getUpdates` finished with return value `[]`
2025-06-16 11:58:36,989 - telegram.ext.ExtBot - DEBUG - No new updates found.
2025-06-16 11:58:36,989 - telegram.ext.ExtBot - DEBUG - Calling Bot API endpoint `getUpdates` with parameters `{'timeout': 10, 'offset': 111011619}`
2025-06-16 11:58:36,989 - httpcore.http11 - DEBUG - send_request_headers.started request=<Request [b'POST']>
2025-06-16 11:58:36,989 - httpcore.http11 - DEBUG - send_request_headers.complete
2025-06-16 11:58:36,989 - httpcore.http11 - DEBUG - send_request_body.started request=<Request [b'POST']>
2025-06-16 11:58:36,989 - httpcore.http11 - DEBUG - send_request_body.complete
2025-06-16 11:58:36,989 - httpcore.http11 - DEBUG - receive_response_headers.started request=<Request [b'POST']>
2025-06-16 11:58:47,060 - httpcore.http11 - DEBUG - receive_response_headers.complete return_value=(b'HTTP/1.1', 200, b'OK', [(b'Server', b'nginx/1.18.0'), (b'Date', b'Mon, 16 Jun 2025 09:58:47 GMT'), (b'Content-Type', b'application/json'), (b'Content-Length', b'23'), (b'Connection', b'keep-alive'), (b'Strict-Transport-Security', b'max-age=31536000; includeSubDomains; preload'), (b'Access-Control-Allow-Origin', b'*'), (b'Access-Control-Allow-Methods', b'GET, POST, OPTIONS'), (b'Access-Control-Expose-Headers', b'Content-Length,Content-Type,Date,Server,Connection')])
2025-06-16 11:58:47,060 - httpx - INFO - HTTP Request: POST https://api.telegram.org/bot8074566163:AAHrY-EO1pS2KfhnJSwVnuWtRHfdBs0g16s/getUpdates "HTTP/1.1 200 OK"
2025-06-16 11:58:47,060 - httpcore.http11 - DEBUG - receive_response_body.started request=<Request [b'POST']>
2025-06-16 11:58:47,060 - httpcore.http11 - DEBUG - receive_response_body.complete
2025-06-16 11:58:47,060 - httpcore.http11 - DEBUG - response_closed.started
2025-06-16 11:58:47,060 - httpcore.http11 - DEBUG - response_closed.complete
2025-06-16 11:58:47,061 - telegram.ext.ExtBot - DEBUG - Call to Bot API endpoint `getUpdates` finished with return value `[]`
2025-06-16 11:58:47,061 - telegram.ext.ExtBot - DEBUG - No new updates found.
2025-06-16 11:58:47,061 - telegram.ext.ExtBot - DEBUG - Calling Bot API endpoint `getUpdates` with parameters `{'timeout': 10, 'offset': 111011619}`
2025-06-16 11:58:47,061 - httpcore.http11 - DEBUG - send_request_headers.started request=<Request [b'POST']>
2025-06-16 11:58:47,061 - httpcore.http11 - DEBUG - send_request_headers.complete
2025-06-16 11:58:47,061 - httpcore.http11 - DEBUG - send_request_body.started request=<Request [b'POST']>
2025-06-16 11:58:47,062 - httpcore.http11 - DEBUG - send_request_body.complete
2025-06-16 11:58:47,062 - httpcore.http11 - DEBUG - receive_response_headers.started request=<Request [b'POST']>
2025-06-16 11:58:57,124 - httpcore.http11 - DEBUG - receive_response_headers.complete return_value=(b'HTTP/1.1', 200, b'OK', [(b'Server', b'nginx/1.18.0'), (b'Date', b'Mon, 16 Jun 2025 09:58:57 GMT'), (b'Content-Type', b'application/json'), (b'Content-Length', b'23'), (b'Connection', b'keep-alive'), (b'Strict-Transport-Security', b'max-age=31536000; includeSubDomains; preload'), (b'Access-Control-Allow-Origin', b'*'), (b'Access-Control-Allow-Methods', b'GET, POST, OPTIONS'), (b'Access-Control-Expose-Headers', b'Content-Length,Content-Type,Date,Server,Connection')])
2025-06-16 11:58:57,126 - httpx - INFO - HTTP Request: POST https://api.telegram.org/bot8074566163:AAHrY-EO1pS2KfhnJSwVnuWtRHfdBs0g16s/getUpdates "HTTP/1.1 200 OK"
2025-06-16 11:58:57,126 - httpcore.http11 - DEBUG - receive_response_body.started request=<Request [b'POST']>
2025-06-16 11:58:57,126 - httpcore.http11 - DEBUG - receive_response_body.complete
2025-06-16 11:58:57,126 - httpcore.http11 - DEBUG - response_closed.started
2025-06-16 11:58:57,127 - httpcore.http11 - DEBUG - response_closed.complete
2025-06-16 11:58:57,127 - telegram.ext.ExtBot - DEBUG - Call to Bot API endpoint `getUpdates` finished with return value `[]`
2025-06-16 11:58:57,128 - telegram.ext.ExtBot - DEBUG - No new updates found.
2025-06-16 11:58:57,128 - telegram.ext.ExtBot - DEBUG - Calling Bot API endpoint `getUpdates` with parameters `{'timeout': 10, 'offset': 111011619}`
2025-06-16 11:58:57,129 - httpcore.http11 - DEBUG - send_request_headers.started request=<Request [b'POST']>
2025-06-16 11:58:57,130 - httpcore.http11 - DEBUG - send_request_headers.complete
2025-06-16 11:58:57,130 - httpcore.http11 - DEBUG - send_request_body.started request=<Request [b'POST']>
2025-06-16 11:58:57,131 - httpcore.http11 - DEBUG - send_request_body.complete
2025-06-16 11:58:57,131 - httpcore.http11 - DEBUG - receive_response_headers.started request=<Request [b'POST']>
2025-06-16 11:59:07,194 - httpcore.http11 - DEBUG - receive_response_headers.complete return_value=(b'HTTP/1.1', 200, b'OK', [(b'Server', b'nginx/1.18.0'), (b'Date', b'Mon, 16 Jun 2025 09:59:07 GMT'), (b'Content-Type', b'application/json'), (b'Content-Length', b'23'), (b'Connection', b'keep-alive'), (b'Strict-Transport-Security', b'max-age=31536000; includeSubDomains; preload'), (b'Access-Control-Allow-Origin', b'*'), (b'Access-Control-Allow-Methods', b'GET, POST, OPTIONS'), (b'Access-Control-Expose-Headers', b'Content-Length,Content-Type,Date,Server,Connection')])
2025-06-16 11:59:07,195 - httpx - INFO - HTTP Request: POST https://api.telegram.org/bot8074566163:AAHrY-EO1pS2KfhnJSwVnuWtRHfdBs0g16s/getUpdates "HTTP/1.1 200 OK"
2025-06-16 11:59:07,195 - httpcore.http11 - DEBUG - receive_response_body.started request=<Request [b'POST']>
2025-06-16 11:59:07,195 - httpcore.http11 - DEBUG - receive_response_body.complete
2025-06-16 11:59:07,195 - httpcore.http11 - DEBUG - response_closed.started
2025-06-16 11:59:07,195 - httpcore.http11 - DEBUG - response_closed.complete
2025-06-16 11:59:07,195 - telegram.ext.ExtBot - DEBUG - Call to Bot API endpoint `getUpdates` finished with return value `[]`
2025-06-16 11:59:07,195 - telegram.ext.ExtBot - DEBUG - No new updates found.
2025-06-16 11:59:07,195 - telegram.ext.ExtBot - DEBUG - Calling Bot API endpoint `getUpdates` with parameters `{'timeout': 10, 'offset': 111011619}`
2025-06-16 11:59:07,195 - httpcore.http11 - DEBUG - send_request_headers.started request=<Request [b'POST']>
2025-06-16 11:59:07,196 - httpcore.http11 - DEBUG - send_request_headers.complete
2025-06-16 11:59:07,196 - httpcore.http11 - DEBUG - send_request_body.started request=<Request [b'POST']>
2025-06-16 11:59:07,196 - httpcore.http11 - DEBUG - send_request_body.complete
2025-06-16 11:59:07,196 - httpcore.http11 - DEBUG - receive_response_headers.started request=<Request [b'POST']>
2025-06-16 11:59:17,266 - httpcore.http11 - DEBUG - receive_response_headers.complete return_value=(b'HTTP/1.1', 200, b'OK', [(b'Server', b'nginx/1.18.0'), (b'Date', b'Mon, 16 Jun 2025 09:59:17 GMT'), (b'Content-Type', b'application/json'), (b'Content-Length', b'23'), (b'Connection', b'keep-alive'), (b'Strict-Transport-Security', b'max-age=31536000; includeSubDomains; preload'), (b'Access-Control-Allow-Origin', b'*'), (b'Access-Control-Allow-Methods', b'GET, POST, OPTIONS'), (b'Access-Control-Expose-Headers', b'Content-Length,Content-Type,Date,Server,Connection')])
2025-06-16 11:59:17,268 - httpx - INFO - HTTP Request: POST https://api.telegram.org/bot8074566163:AAHrY-EO1pS2KfhnJSwVnuWtRHfdBs0g16s/getUpdates "HTTP/1.1 200 OK"
2025-06-16 11:59:17,268 - httpcore.http11 - DEBUG - receive_response_body.started request=<Request [b'POST']>
2025-06-16 11:59:17,269 - httpcore.http11 - DEBUG - receive_response_body.complete
2025-06-16 11:59:17,269 - httpcore.http11 - DEBUG - response_closed.started
2025-06-16 11:59:17,269 - httpcore.http11 - DEBUG - response_closed.complete
2025-06-16 11:59:17,270 - telegram.ext.ExtBot - DEBUG - Call to Bot API endpoint `getUpdates` finished with return value `[]`
2025-06-16 11:59:17,270 - telegram.ext.ExtBot - DEBUG - No new updates found.
2025-06-16 11:59:17,270 - telegram.ext.ExtBot - DEBUG - Calling Bot API endpoint `getUpdates` with parameters `{'timeout': 10, 'offset': 111011619}`
2025-06-16 11:59:17,271 - httpcore.http11 - DEBUG - send_request_headers.started request=<Request [b'POST']>
2025-06-16 11:59:17,271 - httpcore.http11 - DEBUG - send_request_headers.complete
2025-06-16 11:59:17,271 - httpcore.http11 - DEBUG - send_request_body.started request=<Request [b'POST']>
2025-06-16 11:59:17,272 - httpcore.http11 - DEBUG - send_request_body.complete
2025-06-16 11:59:17,272 - httpcore.http11 - DEBUG - receive_response_headers.started request=<Request [b'POST']>
2025-06-16 11:59:27,636 - httpcore.http11 - DEBUG - receive_response_headers.complete return_value=(b'HTTP/1.1', 200, b'OK', [(b'Server', b'nginx/1.18.0'), (b'Date', b'Mon, 16 Jun 2025 09:59:27 GMT'), (b'Content-Type', b'application/json'), (b'Content-Length', b'23'), (b'Connection', b'keep-alive'), (b'Strict-Transport-Security', b'max-age=31536000; includeSubDomains; preload'), (b'Access-Control-Allow-Origin', b'*'), (b'Access-Control-Allow-Methods', b'GET, POST, OPTIONS'), (b'Access-Control-Expose-Headers', b'Content-Length,Content-Type,Date,Server,Connection')])
2025-06-16 11:59:27,637 - httpx - INFO - HTTP Request: POST https://api.telegram.org/bot8074566163:AAHrY-EO1pS2KfhnJSwVnuWtRHfdBs0g16s/getUpdates "HTTP/1.1 200 OK"
2025-06-16 11:59:27,637 - httpcore.http11 - DEBUG - receive_response_body.started request=<Request [b'POST']>
2025-06-16 11:59:27,637 - httpcore.http11 - DEBUG - receive_response_body.complete
2025-06-16 11:59:27,638 - httpcore.http11 - DEBUG - response_closed.started
2025-06-16 11:59:27,638 - httpcore.http11 - DEBUG - response_closed.complete
2025-06-16 11:59:27,638 - telegram.ext.ExtBot - DEBUG - Call to Bot API endpoint `getUpdates` finished with return value `[]`
2025-06-16 11:59:27,638 - telegram.ext.ExtBot - DEBUG - No new updates found.
2025-06-16 11:59:27,638 - telegram.ext.ExtBot - DEBUG - Calling Bot API endpoint `getUpdates` with parameters `{'timeout': 10, 'offset': 111011619}`
2025-06-16 11:59:27,639 - httpcore.http11 - DEBUG - send_request_headers.started request=<Request [b'POST']>
2025-06-16 11:59:27,639 - httpcore.http11 - DEBUG - send_request_headers.complete
2025-06-16 11:59:27,640 - httpcore.http11 - DEBUG - send_request_body.started request=<Request [b'POST']>
2025-06-16 11:59:27,640 - httpcore.http11 - DEBUG - send_request_body.complete
2025-06-16 11:59:27,640 - httpcore.http11 - DEBUG - receive_response_headers.started request=<Request [b'POST']>
2025-06-16 11:59:37,769 - httpcore.http11 - DEBUG - receive_response_headers.complete return_value=(b'HTTP/1.1', 200, b'OK', [(b'Server', b'nginx/1.18.0'), (b'Date', b'Mon, 16 Jun 2025 09:59:38 GMT'), (b'Content-Type', b'application/json'), (b'Content-Length', b'23'), (b'Connection', b'keep-alive'), (b'Strict-Transport-Security', b'max-age=31536000; includeSubDomains; preload'), (b'Access-Control-Allow-Origin', b'*'), (b'Access-Control-Allow-Methods', b'GET, POST, OPTIONS'), (b'Access-Control-Expose-Headers', b'Content-Length,Content-Type,Date,Server,Connection')])
2025-06-16 11:59:37,770 - httpx - INFO - HTTP Request: POST https://api.telegram.org/bot8074566163:AAHrY-EO1pS2KfhnJSwVnuWtRHfdBs0g16s/getUpdates "HTTP/1.1 200 OK"
2025-06-16 11:59:37,770 - httpcore.http11 - DEBUG - receive_response_body.started request=<Request [b'POST']>
2025-06-16 11:59:37,771 - httpcore.http11 - DEBUG - receive_response_body.complete
2025-06-16 11:59:37,771 - httpcore.http11 - DEBUG - response_closed.started
2025-06-16 11:59:37,771 - httpcore.http11 - DEBUG - response_closed.complete
2025-06-16 11:59:37,772 - telegram.ext.ExtBot - DEBUG - Call to Bot API endpoint `getUpdates` finished with return value `[]`
2025-06-16 11:59:37,772 - telegram.ext.ExtBot - DEBUG - No new updates found.
2025-06-16 11:59:37,772 - telegram.ext.ExtBot - DEBUG - Calling Bot API endpoint `getUpdates` with parameters `{'timeout': 10, 'offset': 111011619}`
2025-06-16 11:59:37,773 - httpcore.http11 - DEBUG - send_request_headers.started request=<Request [b'POST']>
2025-06-16 11:59:37,774 - httpcore.http11 - DEBUG - send_request_headers.complete
2025-06-16 11:59:37,774 - httpcore.http11 - DEBUG - send_request_body.started request=<Request [b'POST']>
2025-06-16 11:59:37,775 - httpcore.http11 - DEBUG - send_request_body.complete
2025-06-16 11:59:37,775 - httpcore.http11 - DEBUG - receive_response_headers.started request=<Request [b'POST']>
2025-06-16 11:59:38,070 - telegram.ext.Application - DEBUG - Application received stop signal. Shutting down.
2025-06-16 11:59:38,070 - telegram.ext.Updater - DEBUG - Stopping Updater
2025-06-16 11:59:38,070 - telegram.ext.Updater - DEBUG - Waiting background polling task to finish up.
2025-06-16 11:59:38,070 - telegram.ext - DEBUG - Network Retry Loop (Polling Updates): Cancelled
2025-06-16 11:59:38,071 - httpcore.http11 - DEBUG - receive_response_headers.failed exception=CancelledError()
2025-06-16 11:59:38,071 - httpcore.http11 - DEBUG - response_closed.started
2025-06-16 11:59:38,071 - telegram.ext.Updater - DEBUG - Calling `get_updates` one more time to mark all fetched updates as read.
2025-06-16 11:59:38,071 - telegram.ext.ExtBot - DEBUG - Calling Bot API endpoint `getUpdates` with parameters `{'timeout': 0, 'offset': 111011619}`
2025-06-16 11:59:38,072 - httpcore.http11 - DEBUG - response_closed.complete
2025-06-16 11:59:38,072 - httpcore.connection - DEBUG - connect_tcp.started host='api.telegram.org' port=443 local_address=None timeout=5.0 socket_options=None
2025-06-16 11:59:38,212 - httpcore.connection - DEBUG - connect_tcp.complete return_value=<httpcore._backends.anyio.AnyIOStream object at 0x104b1d730>
2025-06-16 11:59:38,213 - httpcore.connection - DEBUG - start_tls.started ssl_context=<ssl.SSLContext object at 0x104960650> server_hostname='api.telegram.org' timeout=5.0
2025-06-16 11:59:38,287 - httpcore.connection - DEBUG - start_tls.complete return_value=<httpcore._backends.anyio.AnyIOStream object at 0x10481b800>
2025-06-16 11:59:38,288 - httpcore.http11 - DEBUG - send_request_headers.started request=<Request [b'POST']>
2025-06-16 11:59:38,288 - httpcore.http11 - DEBUG - send_request_headers.complete
2025-06-16 11:59:38,289 - httpcore.http11 - DEBUG - send_request_body.started request=<Request [b'POST']>
2025-06-16 11:59:38,289 - httpcore.http11 - DEBUG - send_request_body.complete
2025-06-16 11:59:38,289 - httpcore.http11 - DEBUG - receive_response_headers.started request=<Request [b'POST']>
2025-06-16 12:01:25,100 - telegram.ext.ExtBot - DEBUG - Set Bot API URL: https://api.telegram.org/bot8074566163:AAHrY-EO1pS2KfhnJSwVnuWtRHfdBs0g16s
2025-06-16 12:01:25,100 - telegram.ext.ExtBot - DEBUG - Set Bot API File URL: https://api.telegram.org/file/bot8074566163:AAHrY-EO1pS2KfhnJSwVnuWtRHfdBs0g16s
2025-06-16 12:01:25,100 - asyncio - DEBUG - Using selector: KqueueSelector
2025-06-16 12:01:25,100 - telegram.ext - DEBUG - Network Retry Loop (Bootstrap Initialize Application): Starting
2025-06-16 12:01:25,101 - telegram.ext.ExtBot - DEBUG - Calling Bot API endpoint `getMe` with parameters `{}`
2025-06-16 12:01:25,103 - httpcore.connection - DEBUG - connect_tcp.started host='api.telegram.org' port=443 local_address=None timeout=5.0 socket_options=None
2025-06-16 12:01:25,237 - httpcore.connection - DEBUG - connect_tcp.complete return_value=<httpcore._backends.anyio.AnyIOStream object at 0x1028f66c0>
2025-06-16 12:01:25,237 - httpcore.connection - DEBUG - start_tls.started ssl_context=<ssl.SSLContext object at 0x1028b7050> server_hostname='api.telegram.org' timeout=5.0
2025-06-16 12:01:25,317 - httpcore.connection - DEBUG - start_tls.complete return_value=<httpcore._backends.anyio.AnyIOStream object at 0x1028c32f0>
2025-06-16 12:01:25,318 - httpcore.http11 - DEBUG - send_request_headers.started request=<Request [b'POST']>
2025-06-16 12:01:25,318 - httpcore.http11 - DEBUG - send_request_headers.complete
2025-06-16 12:01:25,318 - httpcore.http11 - DEBUG - send_request_body.started request=<Request [b'POST']>
2025-06-16 12:01:25,319 - httpcore.http11 - DEBUG - send_request_body.complete
2025-06-16 12:01:25,319 - httpcore.http11 - DEBUG - receive_response_headers.started request=<Request [b'POST']>
2025-06-16 12:01:25,411 - httpcore.http11 - DEBUG - receive_response_headers.complete return_value=(b'HTTP/1.1', 200, b'OK', [(b'Server', b'nginx/1.18.0'), (b'Date', b'Mon, 16 Jun 2025 10:01:25 GMT'), (b'Content-Type', b'application/json'), (b'Content-Length', b'248'), (b'Connection', b'keep-alive'), (b'Strict-Transport-Security', b'max-age=31536000; includeSubDomains; preload'), (b'Access-Control-Allow-Origin', b'*'), (b'Access-Control-Allow-Methods', b'GET, POST, OPTIONS'), (b'Access-Control-Expose-Headers', b'Content-Length,Content-Type,Date,Server,Connection')])
2025-06-16 12:01:25,412 - httpx - INFO - HTTP Request: POST https://api.telegram.org/bot8074566163:AAHrY-EO1pS2KfhnJSwVnuWtRHfdBs0g16s/getMe "HTTP/1.1 200 OK"
2025-06-16 12:01:25,412 - httpcore.http11 - DEBUG - receive_response_body.started request=<Request [b'POST']>
2025-06-16 12:01:25,413 - httpcore.http11 - DEBUG - receive_response_body.complete
2025-06-16 12:01:25,413 - httpcore.http11 - DEBUG - response_closed.started
2025-06-16 12:01:25,413 - httpcore.http11 - DEBUG - response_closed.complete
2025-06-16 12:01:25,414 - telegram.ext.ExtBot - DEBUG - Call to Bot API endpoint `getMe` finished with return value `{'id': 8074566163, 'is_bot': True, 'first_name': 'DM_Test', 'username': 'DMDZtestbot', 'can_join_groups': True, 'can_read_all_group_messages': False, 'supports_inline_queries': False, 'can_connect_to_business': False, 'has_main_web_app': False}`
2025-06-16 12:01:25,414 - telegram.ext.ExtBot - DEBUG - This Bot is already initialized.
2025-06-16 12:01:25,414 - telegram.ext.Updater - DEBUG - Updater started (polling)
2025-06-16 12:01:25,415 - telegram.ext - DEBUG - Network Retry Loop (Bootstrap delete Webhook): Starting
2025-06-16 12:01:25,415 - telegram.ext.Updater - DEBUG - Deleting webhook
2025-06-16 12:01:25,415 - telegram.ext.ExtBot - DEBUG - Calling Bot API endpoint `deleteWebhook` with parameters `{}`
2025-06-16 12:01:25,416 - httpcore.http11 - DEBUG - send_request_headers.started request=<Request [b'POST']>
2025-06-16 12:01:25,416 - httpcore.http11 - DEBUG - send_request_headers.complete
2025-06-16 12:01:25,417 - httpcore.http11 - DEBUG - send_request_body.started request=<Request [b'POST']>
2025-06-16 12:01:25,417 - httpcore.http11 - DEBUG - send_request_body.complete
2025-06-16 12:01:25,417 - httpcore.http11 - DEBUG - receive_response_headers.started request=<Request [b'POST']>
2025-06-16 12:01:25,477 - httpcore.http11 - DEBUG - receive_response_headers.complete return_value=(b'HTTP/1.1', 200, b'OK', [(b'Server', b'nginx/1.18.0'), (b'Date', b'Mon, 16 Jun 2025 10:01:25 GMT'), (b'Content-Type', b'application/json'), (b'Content-Length', b'68'), (b'Connection', b'keep-alive'), (b'Strict-Transport-Security', b'max-age=31536000; includeSubDomains; preload'), (b'Access-Control-Allow-Origin', b'*'), (b'Access-Control-Allow-Methods', b'GET, POST, OPTIONS'), (b'Access-Control-Expose-Headers', b'Content-Length,Content-Type,Date,Server,Connection')])
2025-06-16 12:01:25,478 - httpx - INFO - HTTP Request: POST https://api.telegram.org/bot8074566163:AAHrY-EO1pS2KfhnJSwVnuWtRHfdBs0g16s/deleteWebhook "HTTP/1.1 200 OK"
2025-06-16 12:01:25,478 - httpcore.http11 - DEBUG - receive_response_body.started request=<Request [b'POST']>
2025-06-16 12:01:25,478 - httpcore.http11 - DEBUG - receive_response_body.complete
2025-06-16 12:01:25,478 - httpcore.http11 - DEBUG - response_closed.started
2025-06-16 12:01:25,479 - httpcore.http11 - DEBUG - response_closed.complete
2025-06-16 12:01:25,479 - telegram.ext.ExtBot - DEBUG - Call to Bot API endpoint `deleteWebhook` finished with return value `True`
2025-06-16 12:01:25,479 - telegram.ext.Updater - DEBUG - Bootstrap done
2025-06-16 12:01:25,479 - telegram.ext.Updater - DEBUG - Waiting for polling to start
2025-06-16 12:01:25,479 - telegram.ext.Updater - DEBUG - Polling updates from Telegram started
2025-06-16 12:01:25,479 - telegram.ext - DEBUG - Network Retry Loop (Polling Updates): Starting
2025-06-16 12:01:25,480 - telegram.ext.ExtBot - DEBUG - Calling Bot API endpoint `getUpdates` with parameters `{'timeout': 10, 'offset': 0}`
2025-06-16 12:01:25,480 - telegram.ext.Application - INFO - Application started
2025-06-16 12:01:25,481 - httpcore.connection - DEBUG - connect_tcp.started host='api.telegram.org' port=443 local_address=None timeout=5.0 socket_options=None
2025-06-16 12:01:25,544 - httpcore.connection - DEBUG - connect_tcp.complete return_value=<httpcore._backends.anyio.AnyIOStream object at 0x10296b6b0>
2025-06-16 12:01:25,544 - httpcore.connection - DEBUG - start_tls.started ssl_context=<ssl.SSLContext object at 0x1028b7350> server_hostname='api.telegram.org' timeout=5.0
2025-06-16 12:01:25,619 - httpcore.connection - DEBUG - start_tls.complete return_value=<httpcore._backends.anyio.AnyIOStream object at 0x10292bb00>
2025-06-16 12:01:25,619 - httpcore.http11 - DEBUG - send_request_headers.started request=<Request [b'POST']>
2025-06-16 12:01:25,620 - httpcore.http11 - DEBUG - send_request_headers.complete
2025-06-16 12:01:25,620 - httpcore.http11 - DEBUG - send_request_body.started request=<Request [b'POST']>
2025-06-16 12:01:25,621 - httpcore.http11 - DEBUG - send_request_body.complete
2025-06-16 12:01:25,621 - httpcore.http11 - DEBUG - receive_response_headers.started request=<Request [b'POST']>
2025-06-16 12:01:34,514 - httpcore.http11 - DEBUG - receive_response_headers.complete return_value=(b'HTTP/1.1', 200, b'OK', [(b'Server', b'nginx/1.18.0'), (b'Date', b'Mon, 16 Jun 2025 10:01:34 GMT'), (b'Content-Type', b'application/json'), (b'Content-Length', b'431'), (b'Connection', b'keep-alive'), (b'Strict-Transport-Security', b'max-age=31536000; includeSubDomains; preload'), (b'Access-Control-Allow-Origin', b'*'), (b'Access-Control-Allow-Methods', b'GET, POST, OPTIONS'), (b'Access-Control-Expose-Headers', b'Content-Length,Content-Type,Date,Server,Connection')])
2025-06-16 12:01:34,515 - httpx - INFO - HTTP Request: POST https://api.telegram.org/bot8074566163:AAHrY-EO1pS2KfhnJSwVnuWtRHfdBs0g16s/getUpdates "HTTP/1.1 200 OK"
2025-06-16 12:01:34,515 - httpcore.http11 - DEBUG - receive_response_body.started request=<Request [b'POST']>
2025-06-16 12:01:34,516 - httpcore.http11 - DEBUG - receive_response_body.complete
2025-06-16 12:01:34,516 - httpcore.http11 - DEBUG - response_closed.started
2025-06-16 12:01:34,516 - httpcore.http11 - DEBUG - response_closed.complete
2025-06-16 12:01:34,517 - telegram.ext.ExtBot - DEBUG - Call to Bot API endpoint `getUpdates` finished with return value `[{'update_id': 111011619, 'message': {'message_id': 147, 'from': {'id': 1128054148, 'is_bot': False, 'first_name': 'Daniele', 'last_name': 'Zappalá', 'username': 'danzapp', 'language_code': 'it'}, 'chat': {'id': 1128054148, 'first_name': 'Daniele', 'last_name': 'Zappalá', 'username': 'danzapp', 'type': 'private'}, 'date': 1750068094, 'text': '/spesa food 12.00 pranzo', 'entities': [{'offset': 0, 'length': 6, 'type': 'bot_command'}]}}]`
2025-06-16 12:01:34,517 - telegram.ext.ExtBot - DEBUG - Getting updates: [111011619]
2025-06-16 12:01:34,518 - telegram.ext.Application - DEBUG - Processing update Update(message=Message(channel_chat_created=False, chat=Chat(first_name='Daniele', id=1128054148, last_name='Zappalá', type=<ChatType.PRIVATE>, username='danzapp'), date=datetime.datetime(2025, 6, 16, 10, 1, 34, tzinfo=datetime.timezone.utc), delete_chat_photo=False, entities=(MessageEntity(length=6, offset=0, type=<MessageEntityType.BOT_COMMAND>),), from_user=User(first_name='Daniele', id=1128054148, is_bot=False, language_code='it', last_name='Zappalá', username='danzapp'), group_chat_created=False, message_id=147, supergroup_chat_created=False, text='/spesa food 12.00 pranzo'), update_id=111011619)
2025-06-16 12:01:34,523 - __main__ - INFO - INIZIO spesa_command
2025-06-16 12:01:34,523 - __main__ - INFO - Command arguments: ['food', '12.00', 'pranzo']
2025-06-16 12:01:34,523 - __main__ - INFO - Prima di preparare dati per Google Sheets
2025-06-16 12:01:34,524 - __main__ - INFO - Chiamo add_row_to_sheet con: ['2025-06-16 12:01:34', 'danzapp', 'food', '12.00', 'pranzo']
2025-06-16 12:01:34,524 - __main__ - ERROR - Error in add_expense_command: 'SheetsService' object has no attribute 'logger'
Traceback (most recent call last):
  File "/Users/daniele/Documents/Development/Datamasters/src/services/sheets.py", line 77, in __init__
    self.logger.debug(f"Caricamento credenziali da: {credentials_path}")
    ^^^^^^^^^^^
AttributeError: 'SheetsService' object has no attribute 'logger'

During handling of the above exception, another exception occurred:

Traceback (most recent call last):
  File "/Users/daniele/Documents/Development/Datamasters/bot.py", line 127, in spesa_command
    sheets_service = SheetsService()
                     ^^^^^^^^^^^^^^^
  File "/Users/daniele/Documents/Development/Datamasters/src/services/sheets.py", line 94, in __init__
    self.logger.error(f"Errore durante l'inizializzazione del servizio Google Sheets: {e}")
    ^^^^^^^^^^^
AttributeError: 'SheetsService' object has no attribute 'logger'
2025-06-16 12:01:34,529 - __main__ - INFO - Entrato nell'except di spesa_command
2025-06-16 12:01:34,529 - telegram.ext.ExtBot - DEBUG - Calling Bot API endpoint `sendMessage` with parameters `{'chat_id': 1128054148, 'text': "Si è verificato un errore inatteso durante l'aggiunta della spesa."}`
2025-06-16 12:01:34,530 - httpcore.connection - DEBUG - close.started
2025-06-16 12:01:34,531 - httpcore.connection - DEBUG - close.complete
2025-06-16 12:01:34,531 - httpcore.connection - DEBUG - connect_tcp.started host='api.telegram.org' port=443 local_address=None timeout=5.0 socket_options=None
2025-06-16 12:01:34,531 - telegram.ext.ExtBot - DEBUG - Calling Bot API endpoint `getUpdates` with parameters `{'timeout': 10, 'offset': 111011620}`
2025-06-16 12:01:34,532 - httpcore.http11 - DEBUG - send_request_headers.started request=<Request [b'POST']>
2025-06-16 12:01:34,533 - httpcore.http11 - DEBUG - send_request_headers.complete
2025-06-16 12:01:34,533 - httpcore.http11 - DEBUG - send_request_body.started request=<Request [b'POST']>
2025-06-16 12:01:34,533 - httpcore.http11 - DEBUG - send_request_body.complete
2025-06-16 12:01:34,533 - httpcore.http11 - DEBUG - receive_response_headers.started request=<Request [b'POST']>
2025-06-16 12:01:34,595 - httpcore.connection - DEBUG - connect_tcp.complete return_value=<httpcore._backends.anyio.AnyIOStream object at 0x10296b3e0>
2025-06-16 12:01:34,595 - httpcore.connection - DEBUG - start_tls.started ssl_context=<ssl.SSLContext object at 0x1028b7050> server_hostname='api.telegram.org' timeout=5.0
2025-06-16 12:01:34,669 - httpcore.connection - DEBUG - start_tls.complete return_value=<httpcore._backends.anyio.AnyIOStream object at 0x1028f6b40>
2025-06-16 12:01:34,669 - httpcore.http11 - DEBUG - send_request_headers.started request=<Request [b'POST']>
2025-06-16 12:01:34,670 - httpcore.http11 - DEBUG - send_request_headers.complete
2025-06-16 12:01:34,670 - httpcore.http11 - DEBUG - send_request_body.started request=<Request [b'POST']>
2025-06-16 12:01:34,670 - httpcore.http11 - DEBUG - send_request_body.complete
2025-06-16 12:01:34,671 - httpcore.http11 - DEBUG - receive_response_headers.started request=<Request [b'POST']>
2025-06-16 12:01:34,771 - httpcore.http11 - DEBUG - receive_response_headers.complete return_value=(b'HTTP/1.1', 200, b'OK', [(b'Server', b'nginx/1.18.0'), (b'Date', b'Mon, 16 Jun 2025 10:01:35 GMT'), (b'Content-Type', b'application/json'), (b'Content-Length', b'338'), (b'Connection', b'keep-alive'), (b'Strict-Transport-Security', b'max-age=31536000; includeSubDomains; preload'), (b'Access-Control-Allow-Origin', b'*'), (b'Access-Control-Allow-Methods', b'GET, POST, OPTIONS'), (b'Access-Control-Expose-Headers', b'Content-Length,Content-Type,Date,Server,Connection')])
2025-06-16 12:01:34,772 - httpx - INFO - HTTP Request: POST https://api.telegram.org/bot8074566163:AAHrY-EO1pS2KfhnJSwVnuWtRHfdBs0g16s/sendMessage "HTTP/1.1 200 OK"
2025-06-16 12:01:34,773 - httpcore.http11 - DEBUG - receive_response_body.started request=<Request [b'POST']>
2025-06-16 12:01:34,773 - httpcore.http11 - DEBUG - receive_response_body.complete
2025-06-16 12:01:34,773 - httpcore.http11 - DEBUG - response_closed.started
2025-06-16 12:01:34,773 - httpcore.http11 - DEBUG - response_closed.complete
2025-06-16 12:01:34,773 - telegram.ext.ExtBot - DEBUG - Call to Bot API endpoint `sendMessage` finished with return value `{'message_id': 148, 'from': {'id': 8074566163, 'is_bot': True, 'first_name': 'DM_Test', 'username': 'DMDZtestbot'}, 'chat': {'id': 1128054148, 'first_name': 'Daniele', 'last_name': 'Zappalá', 'username': 'danzapp', 'type': 'private'}, 'date': 1750068095, 'text': "Si è verificato un errore inatteso durante l'aggiunta della spesa."}`
2025-06-16 12:01:34,774 - __main__ - INFO - Risposta inviata: Errore inatteso durante l'aggiunta della spesa
2025-06-16 12:01:44,601 - httpcore.http11 - DEBUG - receive_response_headers.complete return_value=(b'HTTP/1.1', 200, b'OK', [(b'Server', b'nginx/1.18.0'), (b'Date', b'Mon, 16 Jun 2025 10:01:44 GMT'), (b'Content-Type', b'application/json'), (b'Content-Length', b'23'), (b'Connection', b'keep-alive'), (b'Strict-Transport-Security', b'max-age=31536000; includeSubDomains; preload'), (b'Access-Control-Allow-Origin', b'*'), (b'Access-Control-Allow-Methods', b'GET, POST, OPTIONS'), (b'Access-Control-Expose-Headers', b'Content-Length,Content-Type,Date,Server,Connection')])
2025-06-16 12:01:44,603 - httpx - INFO - HTTP Request: POST https://api.telegram.org/bot8074566163:AAHrY-EO1pS2KfhnJSwVnuWtRHfdBs0g16s/getUpdates "HTTP/1.1 200 OK"
2025-06-16 12:01:44,604 - httpcore.http11 - DEBUG - receive_response_body.started request=<Request [b'POST']>
2025-06-16 12:01:44,604 - httpcore.http11 - DEBUG - receive_response_body.complete
2025-06-16 12:01:44,604 - httpcore.http11 - DEBUG - response_closed.started
2025-06-16 12:01:44,604 - httpcore.http11 - DEBUG - response_closed.complete
2025-06-16 12:01:44,605 - telegram.ext.ExtBot - DEBUG - Call to Bot API endpoint `getUpdates` finished with return value `[]`
2025-06-16 12:01:44,605 - telegram.ext.ExtBot - DEBUG - No new updates found.
2025-06-16 12:01:44,606 - telegram.ext.ExtBot - DEBUG - Calling Bot API endpoint `getUpdates` with parameters `{'timeout': 10, 'offset': 111011620}`
2025-06-16 12:01:44,607 - httpcore.http11 - DEBUG - send_request_headers.started request=<Request [b'POST']>
2025-06-16 12:01:44,607 - httpcore.http11 - DEBUG - send_request_headers.complete
2025-06-16 12:01:44,608 - httpcore.http11 - DEBUG - send_request_body.started request=<Request [b'POST']>
2025-06-16 12:01:44,609 - httpcore.http11 - DEBUG - send_request_body.complete
2025-06-16 12:01:44,609 - httpcore.http11 - DEBUG - receive_response_headers.started request=<Request [b'POST']>
2025-06-16 12:01:54,675 - httpcore.http11 - DEBUG - receive_response_headers.complete return_value=(b'HTTP/1.1', 200, b'OK', [(b'Server', b'nginx/1.18.0'), (b'Date', b'Mon, 16 Jun 2025 10:01:54 GMT'), (b'Content-Type', b'application/json'), (b'Content-Length', b'23'), (b'Connection', b'keep-alive'), (b'Strict-Transport-Security', b'max-age=31536000; includeSubDomains; preload'), (b'Access-Control-Allow-Origin', b'*'), (b'Access-Control-Allow-Methods', b'GET, POST, OPTIONS'), (b'Access-Control-Expose-Headers', b'Content-Length,Content-Type,Date,Server,Connection')])
2025-06-16 12:01:54,677 - httpx - INFO - HTTP Request: POST https://api.telegram.org/bot8074566163:AAHrY-EO1pS2KfhnJSwVnuWtRHfdBs0g16s/getUpdates "HTTP/1.1 200 OK"
2025-06-16 12:01:54,677 - httpcore.http11 - DEBUG - receive_response_body.started request=<Request [b'POST']>
2025-06-16 12:01:54,677 - httpcore.http11 - DEBUG - receive_response_body.complete
2025-06-16 12:01:54,678 - httpcore.http11 - DEBUG - response_closed.started
2025-06-16 12:01:54,678 - httpcore.http11 - DEBUG - response_closed.complete
2025-06-16 12:01:54,678 - telegram.ext.ExtBot - DEBUG - Call to Bot API endpoint `getUpdates` finished with return value `[]`
2025-06-16 12:01:54,679 - telegram.ext.ExtBot - DEBUG - No new updates found.
2025-06-16 12:01:54,679 - telegram.ext.ExtBot - DEBUG - Calling Bot API endpoint `getUpdates` with parameters `{'timeout': 10, 'offset': 111011620}`
2025-06-16 12:01:54,680 - httpcore.http11 - DEBUG - send_request_headers.started request=<Request [b'POST']>
2025-06-16 12:01:54,681 - httpcore.http11 - DEBUG - send_request_headers.complete
2025-06-16 12:01:54,681 - httpcore.http11 - DEBUG - send_request_body.started request=<Request [b'POST']>
2025-06-16 12:01:54,682 - httpcore.http11 - DEBUG - send_request_body.complete
2025-06-16 12:01:54,682 - httpcore.http11 - DEBUG - receive_response_headers.started request=<Request [b'POST']>
2025-06-16 12:02:04,747 - httpcore.http11 - DEBUG - receive_response_headers.complete return_value=(b'HTTP/1.1', 200, b'OK', [(b'Server', b'nginx/1.18.0'), (b'Date', b'Mon, 16 Jun 2025 10:02:05 GMT'), (b'Content-Type', b'application/json'), (b'Content-Length', b'23'), (b'Connection', b'keep-alive'), (b'Strict-Transport-Security', b'max-age=31536000; includeSubDomains; preload'), (b'Access-Control-Allow-Origin', b'*'), (b'Access-Control-Allow-Methods', b'GET, POST, OPTIONS'), (b'Access-Control-Expose-Headers', b'Content-Length,Content-Type,Date,Server,Connection')])
2025-06-16 12:02:04,747 - httpx - INFO - HTTP Request: POST https://api.telegram.org/bot8074566163:AAHrY-EO1pS2KfhnJSwVnuWtRHfdBs0g16s/getUpdates "HTTP/1.1 200 OK"
2025-06-16 12:02:04,747 - httpcore.http11 - DEBUG - receive_response_body.started request=<Request [b'POST']>
2025-06-16 12:02:04,747 - httpcore.http11 - DEBUG - receive_response_body.complete
2025-06-16 12:02:04,747 - httpcore.http11 - DEBUG - response_closed.started
2025-06-16 12:02:04,748 - httpcore.http11 - DEBUG - response_closed.complete
2025-06-16 12:02:04,748 - telegram.ext.ExtBot - DEBUG - Call to Bot API endpoint `getUpdates` finished with return value `[]`
2025-06-16 12:02:04,748 - telegram.ext.ExtBot - DEBUG - No new updates found.
2025-06-16 12:02:04,748 - telegram.ext.ExtBot - DEBUG - Calling Bot API endpoint `getUpdates` with parameters `{'timeout': 10, 'offset': 111011620}`
2025-06-16 12:02:04,749 - httpcore.http11 - DEBUG - send_request_headers.started request=<Request [b'POST']>
2025-06-16 12:02:04,749 - httpcore.http11 - DEBUG - send_request_headers.complete
2025-06-16 12:02:04,749 - httpcore.http11 - DEBUG - send_request_body.started request=<Request [b'POST']>
2025-06-16 12:02:04,749 - httpcore.http11 - DEBUG - send_request_body.complete
2025-06-16 12:02:04,749 - httpcore.http11 - DEBUG - receive_response_headers.started request=<Request [b'POST']>
2025-06-16 12:02:14,815 - httpcore.http11 - DEBUG - receive_response_headers.complete return_value=(b'HTTP/1.1', 200, b'OK', [(b'Server', b'nginx/1.18.0'), (b'Date', b'Mon, 16 Jun 2025 10:02:15 GMT'), (b'Content-Type', b'application/json'), (b'Content-Length', b'23'), (b'Connection', b'keep-alive'), (b'Strict-Transport-Security', b'max-age=31536000; includeSubDomains; preload'), (b'Access-Control-Allow-Origin', b'*'), (b'Access-Control-Allow-Methods', b'GET, POST, OPTIONS'), (b'Access-Control-Expose-Headers', b'Content-Length,Content-Type,Date,Server,Connection')])
2025-06-16 12:02:14,815 - httpx - INFO - HTTP Request: POST https://api.telegram.org/bot8074566163:AAHrY-EO1pS2KfhnJSwVnuWtRHfdBs0g16s/getUpdates "HTTP/1.1 200 OK"
2025-06-16 12:02:14,816 - httpcore.http11 - DEBUG - receive_response_body.started request=<Request [b'POST']>
2025-06-16 12:02:14,816 - httpcore.http11 - DEBUG - receive_response_body.complete
2025-06-16 12:02:14,816 - httpcore.http11 - DEBUG - response_closed.started
2025-06-16 12:02:14,816 - httpcore.http11 - DEBUG - response_closed.complete
2025-06-16 12:02:14,816 - telegram.ext.ExtBot - DEBUG - Call to Bot API endpoint `getUpdates` finished with return value `[]`
2025-06-16 12:02:14,817 - telegram.ext.ExtBot - DEBUG - No new updates found.
2025-06-16 12:02:14,817 - telegram.ext.ExtBot - DEBUG - Calling Bot API endpoint `getUpdates` with parameters `{'timeout': 10, 'offset': 111011620}`
2025-06-16 12:02:14,818 - httpcore.http11 - DEBUG - send_request_headers.started request=<Request [b'POST']>
2025-06-16 12:02:14,818 - httpcore.http11 - DEBUG - send_request_headers.complete
2025-06-16 12:02:14,819 - httpcore.http11 - DEBUG - send_request_body.started request=<Request [b'POST']>
2025-06-16 12:02:14,819 - httpcore.http11 - DEBUG - send_request_body.complete
2025-06-16 12:02:14,819 - httpcore.http11 - DEBUG - receive_response_headers.started request=<Request [b'POST']>
2025-06-16 12:02:24,907 - httpcore.http11 - DEBUG - receive_response_headers.complete return_value=(b'HTTP/1.1', 200, b'OK', [(b'Server', b'nginx/1.18.0'), (b'Date', b'Mon, 16 Jun 2025 10:02:25 GMT'), (b'Content-Type', b'application/json'), (b'Content-Length', b'23'), (b'Connection', b'keep-alive'), (b'Strict-Transport-Security', b'max-age=31536000; includeSubDomains; preload'), (b'Access-Control-Allow-Origin', b'*'), (b'Access-Control-Allow-Methods', b'GET, POST, OPTIONS'), (b'Access-Control-Expose-Headers', b'Content-Length,Content-Type,Date,Server,Connection')])
2025-06-16 12:02:24,908 - httpx - INFO - HTTP Request: POST https://api.telegram.org/bot8074566163:AAHrY-EO1pS2KfhnJSwVnuWtRHfdBs0g16s/getUpdates "HTTP/1.1 200 OK"
2025-06-16 12:02:24,908 - httpcore.http11 - DEBUG - receive_response_body.started request=<Request [b'POST']>
2025-06-16 12:02:24,908 - httpcore.http11 - DEBUG - receive_response_body.complete
2025-06-16 12:02:24,908 - httpcore.http11 - DEBUG - response_closed.started
2025-06-16 12:02:24,908 - httpcore.http11 - DEBUG - response_closed.complete
2025-06-16 12:02:24,908 - telegram.ext.ExtBot - DEBUG - Call to Bot API endpoint `getUpdates` finished with return value `[]`
2025-06-16 12:02:24,908 - telegram.ext.ExtBot - DEBUG - No new updates found.
2025-06-16 12:02:24,909 - telegram.ext.ExtBot - DEBUG - Calling Bot API endpoint `getUpdates` with parameters `{'timeout': 10, 'offset': 111011620}`
2025-06-16 12:02:24,909 - httpcore.http11 - DEBUG - send_request_headers.started request=<Request [b'POST']>
2025-06-16 12:02:24,909 - httpcore.http11 - DEBUG - send_request_headers.complete
2025-06-16 12:02:24,909 - httpcore.http11 - DEBUG - send_request_body.started request=<Request [b'POST']>
2025-06-16 12:02:24,909 - httpcore.http11 - DEBUG - send_request_body.complete
2025-06-16 12:02:24,909 - httpcore.http11 - DEBUG - receive_response_headers.started request=<Request [b'POST']>
2025-06-16 12:02:34,986 - httpcore.http11 - DEBUG - receive_response_headers.complete return_value=(b'HTTP/1.1', 200, b'OK', [(b'Server', b'nginx/1.18.0'), (b'Date', b'Mon, 16 Jun 2025 10:02:35 GMT'), (b'Content-Type', b'application/json'), (b'Content-Length', b'23'), (b'Connection', b'keep-alive'), (b'Strict-Transport-Security', b'max-age=31536000; includeSubDomains; preload'), (b'Access-Control-Allow-Origin', b'*'), (b'Access-Control-Allow-Methods', b'GET, POST, OPTIONS'), (b'Access-Control-Expose-Headers', b'Content-Length,Content-Type,Date,Server,Connection')])
2025-06-16 12:02:34,987 - httpx - INFO - HTTP Request: POST https://api.telegram.org/bot8074566163:AAHrY-EO1pS2KfhnJSwVnuWtRHfdBs0g16s/getUpdates "HTTP/1.1 200 OK"
2025-06-16 12:02:34,987 - httpcore.http11 - DEBUG - receive_response_body.started request=<Request [b'POST']>
2025-06-16 12:02:34,987 - httpcore.http11 - DEBUG - receive_response_body.complete
2025-06-16 12:02:34,987 - httpcore.http11 - DEBUG - response_closed.started
2025-06-16 12:02:34,987 - httpcore.http11 - DEBUG - response_closed.complete
2025-06-16 12:02:34,987 - telegram.ext.ExtBot - DEBUG - Call to Bot API endpoint `getUpdates` finished with return value `[]`
2025-06-16 12:02:34,987 - telegram.ext.ExtBot - DEBUG - No new updates found.
2025-06-16 12:02:34,987 - telegram.ext.ExtBot - DEBUG - Calling Bot API endpoint `getUpdates` with parameters `{'timeout': 10, 'offset': 111011620}`
2025-06-16 12:02:34,987 - httpcore.http11 - DEBUG - send_request_headers.started request=<Request [b'POST']>
2025-06-16 12:02:34,987 - httpcore.http11 - DEBUG - send_request_headers.complete
2025-06-16 12:02:34,987 - httpcore.http11 - DEBUG - send_request_body.started request=<Request [b'POST']>
2025-06-16 12:02:34,988 - httpcore.http11 - DEBUG - send_request_body.complete
2025-06-16 12:02:34,988 - httpcore.http11 - DEBUG - receive_response_headers.started request=<Request [b'POST']>
2025-06-16 12:02:45,061 - httpcore.http11 - DEBUG - receive_response_headers.complete return_value=(b'HTTP/1.1', 200, b'OK', [(b'Server', b'nginx/1.18.0'), (b'Date', b'Mon, 16 Jun 2025 10:02:45 GMT'), (b'Content-Type', b'application/json'), (b'Content-Length', b'23'), (b'Connection', b'keep-alive'), (b'Strict-Transport-Security', b'max-age=31536000; includeSubDomains; preload'), (b'Access-Control-Allow-Origin', b'*'), (b'Access-Control-Allow-Methods', b'GET, POST, OPTIONS'), (b'Access-Control-Expose-Headers', b'Content-Length,Content-Type,Date,Server,Connection')])
2025-06-16 12:02:45,061 - httpx - INFO - HTTP Request: POST https://api.telegram.org/bot8074566163:AAHrY-EO1pS2KfhnJSwVnuWtRHfdBs0g16s/getUpdates "HTTP/1.1 200 OK"
2025-06-16 12:02:45,062 - httpcore.http11 - DEBUG - receive_response_body.started request=<Request [b'POST']>
2025-06-16 12:02:45,062 - httpcore.http11 - DEBUG - receive_response_body.complete
2025-06-16 12:02:45,062 - httpcore.http11 - DEBUG - response_closed.started
2025-06-16 12:02:45,062 - httpcore.http11 - DEBUG - response_closed.complete
2025-06-16 12:02:45,062 - telegram.ext.ExtBot - DEBUG - Call to Bot API endpoint `getUpdates` finished with return value `[]`
2025-06-16 12:02:45,062 - telegram.ext.ExtBot - DEBUG - No new updates found.
2025-06-16 12:02:45,062 - telegram.ext.ExtBot - DEBUG - Calling Bot API endpoint `getUpdates` with parameters `{'timeout': 10, 'offset': 111011620}`
2025-06-16 12:02:45,062 - httpcore.http11 - DEBUG - send_request_headers.started request=<Request [b'POST']>
2025-06-16 12:02:45,062 - httpcore.http11 - DEBUG - send_request_headers.complete
2025-06-16 12:02:45,062 - httpcore.http11 - DEBUG - send_request_body.started request=<Request [b'POST']>
2025-06-16 12:02:45,062 - httpcore.http11 - DEBUG - send_request_body.complete
2025-06-16 12:02:45,063 - httpcore.http11 - DEBUG - receive_response_headers.started request=<Request [b'POST']>
2025-06-16 12:02:55,150 - httpcore.http11 - DEBUG - receive_response_headers.complete return_value=(b'HTTP/1.1', 200, b'OK', [(b'Server', b'nginx/1.18.0'), (b'Date', b'Mon, 16 Jun 2025 10:02:55 GMT'), (b'Content-Type', b'application/json'), (b'Content-Length', b'23'), (b'Connection', b'keep-alive'), (b'Strict-Transport-Security', b'max-age=31536000; includeSubDomains; preload'), (b'Access-Control-Allow-Origin', b'*'), (b'Access-Control-Allow-Methods', b'GET, POST, OPTIONS'), (b'Access-Control-Expose-Headers', b'Content-Length,Content-Type,Date,Server,Connection')])
2025-06-16 12:02:55,150 - httpx - INFO - HTTP Request: POST https://api.telegram.org/bot8074566163:AAHrY-EO1pS2KfhnJSwVnuWtRHfdBs0g16s/getUpdates "HTTP/1.1 200 OK"
2025-06-16 12:02:55,151 - httpcore.http11 - DEBUG - receive_response_body.started request=<Request [b'POST']>
2025-06-16 12:02:55,151 - httpcore.http11 - DEBUG - receive_response_body.complete
2025-06-16 12:02:55,151 - httpcore.http11 - DEBUG - response_closed.started
2025-06-16 12:02:55,151 - httpcore.http11 - DEBUG - response_closed.complete
2025-06-16 12:02:55,157 - telegram.ext.ExtBot - DEBUG - Call to Bot API endpoint `getUpdates` finished with return value `[]`
2025-06-16 12:02:55,157 - telegram.ext.ExtBot - DEBUG - No new updates found.
2025-06-16 12:02:55,158 - telegram.ext.ExtBot - DEBUG - Calling Bot API endpoint `getUpdates` with parameters `{'timeout': 10, 'offset': 111011620}`
2025-06-16 12:02:55,158 - httpcore.http11 - DEBUG - send_request_headers.started request=<Request [b'POST']>
2025-06-16 12:02:55,158 - httpcore.http11 - DEBUG - send_request_headers.complete
2025-06-16 12:02:55,158 - httpcore.http11 - DEBUG - send_request_body.started request=<Request [b'POST']>
2025-06-16 12:02:55,159 - httpcore.http11 - DEBUG - send_request_body.complete
2025-06-16 12:02:55,159 - httpcore.http11 - DEBUG - receive_response_headers.started request=<Request [b'POST']>
2025-06-16 12:03:05,221 - httpcore.http11 - DEBUG - receive_response_headers.complete return_value=(b'HTTP/1.1', 200, b'OK', [(b'Server', b'nginx/1.18.0'), (b'Date', b'Mon, 16 Jun 2025 10:03:05 GMT'), (b'Content-Type', b'application/json'), (b'Content-Length', b'23'), (b'Connection', b'keep-alive'), (b'Strict-Transport-Security', b'max-age=31536000; includeSubDomains; preload'), (b'Access-Control-Allow-Origin', b'*'), (b'Access-Control-Allow-Methods', b'GET, POST, OPTIONS'), (b'Access-Control-Expose-Headers', b'Content-Length,Content-Type,Date,Server,Connection')])
2025-06-16 12:03:05,221 - httpx - INFO - HTTP Request: POST https://api.telegram.org/bot8074566163:AAHrY-EO1pS2KfhnJSwVnuWtRHfdBs0g16s/getUpdates "HTTP/1.1 200 OK"
2025-06-16 12:03:05,221 - httpcore.http11 - DEBUG - receive_response_body.started request=<Request [b'POST']>
2025-06-16 12:03:05,221 - httpcore.http11 - DEBUG - receive_response_body.complete
2025-06-16 12:03:05,221 - httpcore.http11 - DEBUG - response_closed.started
2025-06-16 12:03:05,221 - httpcore.http11 - DEBUG - response_closed.complete
2025-06-16 12:03:05,221 - telegram.ext.ExtBot - DEBUG - Call to Bot API endpoint `getUpdates` finished with return value `[]`
2025-06-16 12:03:05,221 - telegram.ext.ExtBot - DEBUG - No new updates found.
2025-06-16 12:03:05,222 - telegram.ext.ExtBot - DEBUG - Calling Bot API endpoint `getUpdates` with parameters `{'timeout': 10, 'offset': 111011620}`
2025-06-16 12:03:05,222 - httpcore.http11 - DEBUG - send_request_headers.started request=<Request [b'POST']>
2025-06-16 12:03:05,222 - httpcore.http11 - DEBUG - send_request_headers.complete
2025-06-16 12:03:05,222 - httpcore.http11 - DEBUG - send_request_body.started request=<Request [b'POST']>
2025-06-16 12:03:05,222 - httpcore.http11 - DEBUG - send_request_body.complete
2025-06-16 12:03:05,222 - httpcore.http11 - DEBUG - receive_response_headers.started request=<Request [b'POST']>
2025-06-16 12:03:15,299 - httpcore.http11 - DEBUG - receive_response_headers.complete return_value=(b'HTTP/1.1', 200, b'OK', [(b'Server', b'nginx/1.18.0'), (b'Date', b'Mon, 16 Jun 2025 10:03:15 GMT'), (b'Content-Type', b'application/json'), (b'Content-Length', b'23'), (b'Connection', b'keep-alive'), (b'Strict-Transport-Security', b'max-age=31536000; includeSubDomains; preload'), (b'Access-Control-Allow-Origin', b'*'), (b'Access-Control-Allow-Methods', b'GET, POST, OPTIONS'), (b'Access-Control-Expose-Headers', b'Content-Length,Content-Type,Date,Server,Connection')])
2025-06-16 12:03:15,300 - httpx - INFO - HTTP Request: POST https://api.telegram.org/bot8074566163:AAHrY-EO1pS2KfhnJSwVnuWtRHfdBs0g16s/getUpdates "HTTP/1.1 200 OK"
2025-06-16 12:03:15,300 - httpcore.http11 - DEBUG - receive_response_body.started request=<Request [b'POST']>
2025-06-16 12:03:15,300 - httpcore.http11 - DEBUG - receive_response_body.complete
2025-06-16 12:03:15,300 - httpcore.http11 - DEBUG - response_closed.started
2025-06-16 12:03:15,300 - httpcore.http11 - DEBUG - response_closed.complete
2025-06-16 12:03:15,300 - telegram.ext.ExtBot - DEBUG - Call to Bot API endpoint `getUpdates` finished with return value `[]`
2025-06-16 12:03:15,300 - telegram.ext.ExtBot - DEBUG - No new updates found.
2025-06-16 12:03:15,301 - telegram.ext.ExtBot - DEBUG - Calling Bot API endpoint `getUpdates` with parameters `{'timeout': 10, 'offset': 111011620}`
2025-06-16 12:03:15,301 - httpcore.http11 - DEBUG - send_request_headers.started request=<Request [b'POST']>
2025-06-16 12:03:15,301 - httpcore.http11 - DEBUG - send_request_headers.complete
2025-06-16 12:03:15,301 - httpcore.http11 - DEBUG - send_request_body.started request=<Request [b'POST']>
2025-06-16 12:03:15,302 - httpcore.http11 - DEBUG - send_request_body.complete
2025-06-16 12:03:15,302 - httpcore.http11 - DEBUG - receive_response_headers.started request=<Request [b'POST']>
2025-06-16 12:03:25,373 - httpcore.http11 - DEBUG - receive_response_headers.complete return_value=(b'HTTP/1.1', 200, b'OK', [(b'Server', b'nginx/1.18.0'), (b'Date', b'Mon, 16 Jun 2025 10:03:25 GMT'), (b'Content-Type', b'application/json'), (b'Content-Length', b'23'), (b'Connection', b'keep-alive'), (b'Strict-Transport-Security', b'max-age=31536000; includeSubDomains; preload'), (b'Access-Control-Allow-Origin', b'*'), (b'Access-Control-Allow-Methods', b'GET, POST, OPTIONS'), (b'Access-Control-Expose-Headers', b'Content-Length,Content-Type,Date,Server,Connection')])
2025-06-16 12:03:25,373 - httpx - INFO - HTTP Request: POST https://api.telegram.org/bot8074566163:AAHrY-EO1pS2KfhnJSwVnuWtRHfdBs0g16s/getUpdates "HTTP/1.1 200 OK"
2025-06-16 12:03:25,373 - httpcore.http11 - DEBUG - receive_response_body.started request=<Request [b'POST']>
2025-06-16 12:03:25,373 - httpcore.http11 - DEBUG - receive_response_body.complete
2025-06-16 12:03:25,373 - httpcore.http11 - DEBUG - response_closed.started
2025-06-16 12:03:25,373 - httpcore.http11 - DEBUG - response_closed.complete
2025-06-16 12:03:25,373 - telegram.ext.ExtBot - DEBUG - Call to Bot API endpoint `getUpdates` finished with return value `[]`
2025-06-16 12:03:25,373 - telegram.ext.ExtBot - DEBUG - No new updates found.
2025-06-16 12:03:25,373 - telegram.ext.ExtBot - DEBUG - Calling Bot API endpoint `getUpdates` with parameters `{'timeout': 10, 'offset': 111011620}`
2025-06-16 12:03:25,374 - httpcore.http11 - DEBUG - send_request_headers.started request=<Request [b'POST']>
2025-06-16 12:03:25,374 - httpcore.http11 - DEBUG - send_request_headers.complete
2025-06-16 12:03:25,374 - httpcore.http11 - DEBUG - send_request_body.started request=<Request [b'POST']>
2025-06-16 12:03:25,374 - httpcore.http11 - DEBUG - send_request_body.complete
2025-06-16 12:03:25,374 - httpcore.http11 - DEBUG - receive_response_headers.started request=<Request [b'POST']>
2025-06-16 12:03:35,506 - httpcore.http11 - DEBUG - receive_response_headers.complete return_value=(b'HTTP/1.1', 200, b'OK', [(b'Server', b'nginx/1.18.0'), (b'Date', b'Mon, 16 Jun 2025 10:03:35 GMT'), (b'Content-Type', b'application/json'), (b'Content-Length', b'23'), (b'Connection', b'keep-alive'), (b'Strict-Transport-Security', b'max-age=31536000; includeSubDomains; preload'), (b'Access-Control-Allow-Origin', b'*'), (b'Access-Control-Allow-Methods', b'GET, POST, OPTIONS'), (b'Access-Control-Expose-Headers', b'Content-Length,Content-Type,Date,Server,Connection')])
2025-06-16 12:03:35,506 - httpx - INFO - HTTP Request: POST https://api.telegram.org/bot8074566163:AAHrY-EO1pS2KfhnJSwVnuWtRHfdBs0g16s/getUpdates "HTTP/1.1 200 OK"
2025-06-16 12:03:35,506 - httpcore.http11 - DEBUG - receive_response_body.started request=<Request [b'POST']>
2025-06-16 12:03:35,506 - httpcore.http11 - DEBUG - receive_response_body.complete
2025-06-16 12:03:35,506 - httpcore.http11 - DEBUG - response_closed.started
2025-06-16 12:03:35,506 - httpcore.http11 - DEBUG - response_closed.complete
2025-06-16 12:03:35,507 - telegram.ext.ExtBot - DEBUG - Call to Bot API endpoint `getUpdates` finished with return value `[]`
2025-06-16 12:03:35,507 - telegram.ext.ExtBot - DEBUG - No new updates found.
2025-06-16 12:03:35,507 - telegram.ext.ExtBot - DEBUG - Calling Bot API endpoint `getUpdates` with parameters `{'timeout': 10, 'offset': 111011620}`
2025-06-16 12:03:35,507 - httpcore.http11 - DEBUG - send_request_headers.started request=<Request [b'POST']>
2025-06-16 12:03:35,507 - httpcore.http11 - DEBUG - send_request_headers.complete
2025-06-16 12:03:35,507 - httpcore.http11 - DEBUG - send_request_body.started request=<Request [b'POST']>
2025-06-16 12:03:35,507 - httpcore.http11 - DEBUG - send_request_body.complete
2025-06-16 12:03:35,507 - httpcore.http11 - DEBUG - receive_response_headers.started request=<Request [b'POST']>
2025-06-16 12:03:45,587 - httpcore.http11 - DEBUG - receive_response_headers.complete return_value=(b'HTTP/1.1', 200, b'OK', [(b'Server', b'nginx/1.18.0'), (b'Date', b'Mon, 16 Jun 2025 10:03:45 GMT'), (b'Content-Type', b'application/json'), (b'Content-Length', b'23'), (b'Connection', b'keep-alive'), (b'Strict-Transport-Security', b'max-age=31536000; includeSubDomains; preload'), (b'Access-Control-Allow-Origin', b'*'), (b'Access-Control-Allow-Methods', b'GET, POST, OPTIONS'), (b'Access-Control-Expose-Headers', b'Content-Length,Content-Type,Date,Server,Connection')])
2025-06-16 12:03:45,588 - httpx - INFO - HTTP Request: POST https://api.telegram.org/bot8074566163:AAHrY-EO1pS2KfhnJSwVnuWtRHfdBs0g16s/getUpdates "HTTP/1.1 200 OK"
2025-06-16 12:03:45,588 - httpcore.http11 - DEBUG - receive_response_body.started request=<Request [b'POST']>
2025-06-16 12:03:45,588 - httpcore.http11 - DEBUG - receive_response_body.complete
2025-06-16 12:03:45,588 - httpcore.http11 - DEBUG - response_closed.started
2025-06-16 12:03:45,588 - httpcore.http11 - DEBUG - response_closed.complete
2025-06-16 12:03:45,588 - telegram.ext.ExtBot - DEBUG - Call to Bot API endpoint `getUpdates` finished with return value `[]`
2025-06-16 12:03:45,588 - telegram.ext.ExtBot - DEBUG - No new updates found.
2025-06-16 12:03:45,588 - telegram.ext.ExtBot - DEBUG - Calling Bot API endpoint `getUpdates` with parameters `{'timeout': 10, 'offset': 111011620}`
2025-06-16 12:03:45,589 - httpcore.http11 - DEBUG - send_request_headers.started request=<Request [b'POST']>
2025-06-16 12:03:45,589 - httpcore.http11 - DEBUG - send_request_headers.complete
2025-06-16 12:03:45,589 - httpcore.http11 - DEBUG - send_request_body.started request=<Request [b'POST']>
2025-06-16 12:03:45,589 - httpcore.http11 - DEBUG - send_request_body.complete
2025-06-16 12:03:45,589 - httpcore.http11 - DEBUG - receive_response_headers.started request=<Request [b'POST']>
2025-06-16 12:03:55,649 - httpcore.http11 - DEBUG - receive_response_headers.complete return_value=(b'HTTP/1.1', 200, b'OK', [(b'Server', b'nginx/1.18.0'), (b'Date', b'Mon, 16 Jun 2025 10:03:55 GMT'), (b'Content-Type', b'application/json'), (b'Content-Length', b'23'), (b'Connection', b'keep-alive'), (b'Strict-Transport-Security', b'max-age=31536000; includeSubDomains; preload'), (b'Access-Control-Allow-Origin', b'*'), (b'Access-Control-Allow-Methods', b'GET, POST, OPTIONS'), (b'Access-Control-Expose-Headers', b'Content-Length,Content-Type,Date,Server,Connection')])
2025-06-16 12:03:55,650 - httpx - INFO - HTTP Request: POST https://api.telegram.org/bot8074566163:AAHrY-EO1pS2KfhnJSwVnuWtRHfdBs0g16s/getUpdates "HTTP/1.1 200 OK"
2025-06-16 12:03:55,650 - httpcore.http11 - DEBUG - receive_response_body.started request=<Request [b'POST']>
2025-06-16 12:03:55,650 - httpcore.http11 - DEBUG - receive_response_body.complete
2025-06-16 12:03:55,650 - httpcore.http11 - DEBUG - response_closed.started
2025-06-16 12:03:55,650 - httpcore.http11 - DEBUG - response_closed.complete
2025-06-16 12:03:55,650 - telegram.ext.ExtBot - DEBUG - Call to Bot API endpoint `getUpdates` finished with return value `[]`
2025-06-16 12:03:55,650 - telegram.ext.ExtBot - DEBUG - No new updates found.
2025-06-16 12:03:55,650 - telegram.ext.ExtBot - DEBUG - Calling Bot API endpoint `getUpdates` with parameters `{'timeout': 10, 'offset': 111011620}`
2025-06-16 12:03:55,651 - httpcore.http11 - DEBUG - send_request_headers.started request=<Request [b'POST']>
2025-06-16 12:03:55,651 - httpcore.http11 - DEBUG - send_request_headers.complete
2025-06-16 12:03:55,651 - httpcore.http11 - DEBUG - send_request_body.started request=<Request [b'POST']>
2025-06-16 12:03:55,651 - httpcore.http11 - DEBUG - send_request_body.complete
2025-06-16 12:03:55,651 - httpcore.http11 - DEBUG - receive_response_headers.started request=<Request [b'POST']>
2025-06-16 12:04:05,736 - httpcore.http11 - DEBUG - receive_response_headers.complete return_value=(b'HTTP/1.1', 200, b'OK', [(b'Server', b'nginx/1.18.0'), (b'Date', b'Mon, 16 Jun 2025 10:04:06 GMT'), (b'Content-Type', b'application/json'), (b'Content-Length', b'23'), (b'Connection', b'keep-alive'), (b'Strict-Transport-Security', b'max-age=31536000; includeSubDomains; preload'), (b'Access-Control-Allow-Origin', b'*'), (b'Access-Control-Allow-Methods', b'GET, POST, OPTIONS'), (b'Access-Control-Expose-Headers', b'Content-Length,Content-Type,Date,Server,Connection')])
2025-06-16 12:04:05,737 - httpx - INFO - HTTP Request: POST https://api.telegram.org/bot8074566163:AAHrY-EO1pS2KfhnJSwVnuWtRHfdBs0g16s/getUpdates "HTTP/1.1 200 OK"
2025-06-16 12:04:05,737 - httpcore.http11 - DEBUG - receive_response_body.started request=<Request [b'POST']>
2025-06-16 12:04:05,737 - httpcore.http11 - DEBUG - receive_response_body.complete
2025-06-16 12:04:05,737 - httpcore.http11 - DEBUG - response_closed.started
2025-06-16 12:04:05,737 - httpcore.http11 - DEBUG - response_closed.complete
2025-06-16 12:04:05,737 - telegram.ext.ExtBot - DEBUG - Call to Bot API endpoint `getUpdates` finished with return value `[]`
2025-06-16 12:04:05,737 - telegram.ext.ExtBot - DEBUG - No new updates found.
2025-06-16 12:04:05,737 - telegram.ext.ExtBot - DEBUG - Calling Bot API endpoint `getUpdates` with parameters `{'timeout': 10, 'offset': 111011620}`
2025-06-16 12:04:05,737 - httpcore.http11 - DEBUG - send_request_headers.started request=<Request [b'POST']>
2025-06-16 12:04:05,737 - httpcore.http11 - DEBUG - send_request_headers.complete
2025-06-16 12:04:05,738 - httpcore.http11 - DEBUG - send_request_body.started request=<Request [b'POST']>
2025-06-16 12:04:05,738 - httpcore.http11 - DEBUG - send_request_body.complete
2025-06-16 12:04:05,738 - httpcore.http11 - DEBUG - receive_response_headers.started request=<Request [b'POST']>
2025-06-16 12:04:15,809 - httpcore.http11 - DEBUG - receive_response_headers.complete return_value=(b'HTTP/1.1', 200, b'OK', [(b'Server', b'nginx/1.18.0'), (b'Date', b'Mon, 16 Jun 2025 10:04:16 GMT'), (b'Content-Type', b'application/json'), (b'Content-Length', b'23'), (b'Connection', b'keep-alive'), (b'Strict-Transport-Security', b'max-age=31536000; includeSubDomains; preload'), (b'Access-Control-Allow-Origin', b'*'), (b'Access-Control-Allow-Methods', b'GET, POST, OPTIONS'), (b'Access-Control-Expose-Headers', b'Content-Length,Content-Type,Date,Server,Connection')])
2025-06-16 12:04:15,809 - httpx - INFO - HTTP Request: POST https://api.telegram.org/bot8074566163:AAHrY-EO1pS2KfhnJSwVnuWtRHfdBs0g16s/getUpdates "HTTP/1.1 200 OK"
2025-06-16 12:04:15,809 - httpcore.http11 - DEBUG - receive_response_body.started request=<Request [b'POST']>
2025-06-16 12:04:15,809 - httpcore.http11 - DEBUG - receive_response_body.complete
2025-06-16 12:04:15,809 - httpcore.http11 - DEBUG - response_closed.started
2025-06-16 12:04:15,809 - httpcore.http11 - DEBUG - response_closed.complete
2025-06-16 12:04:15,809 - telegram.ext.ExtBot - DEBUG - Call to Bot API endpoint `getUpdates` finished with return value `[]`
2025-06-16 12:04:15,809 - telegram.ext.ExtBot - DEBUG - No new updates found.
2025-06-16 12:04:15,809 - telegram.ext.ExtBot - DEBUG - Calling Bot API endpoint `getUpdates` with parameters `{'timeout': 10, 'offset': 111011620}`
2025-06-16 12:04:15,810 - httpcore.http11 - DEBUG - send_request_headers.started request=<Request [b'POST']>
2025-06-16 12:04:15,810 - httpcore.http11 - DEBUG - send_request_headers.complete
2025-06-16 12:04:15,810 - httpcore.http11 - DEBUG - send_request_body.started request=<Request [b'POST']>
2025-06-16 12:04:15,810 - httpcore.http11 - DEBUG - send_request_body.complete
2025-06-16 12:04:15,810 - httpcore.http11 - DEBUG - receive_response_headers.started request=<Request [b'POST']>
2025-06-16 12:04:25,890 - httpcore.http11 - DEBUG - receive_response_headers.complete return_value=(b'HTTP/1.1', 200, b'OK', [(b'Server', b'nginx/1.18.0'), (b'Date', b'Mon, 16 Jun 2025 10:04:26 GMT'), (b'Content-Type', b'application/json'), (b'Content-Length', b'23'), (b'Connection', b'keep-alive'), (b'Strict-Transport-Security', b'max-age=31536000; includeSubDomains; preload'), (b'Access-Control-Allow-Origin', b'*'), (b'Access-Control-Allow-Methods', b'GET, POST, OPTIONS'), (b'Access-Control-Expose-Headers', b'Content-Length,Content-Type,Date,Server,Connection')])
2025-06-16 12:04:25,891 - httpx - INFO - HTTP Request: POST https://api.telegram.org/bot8074566163:AAHrY-EO1pS2KfhnJSwVnuWtRHfdBs0g16s/getUpdates "HTTP/1.1 200 OK"
2025-06-16 12:04:25,891 - httpcore.http11 - DEBUG - receive_response_body.started request=<Request [b'POST']>
2025-06-16 12:04:25,891 - httpcore.http11 - DEBUG - receive_response_body.complete
2025-06-16 12:04:25,891 - httpcore.http11 - DEBUG - response_closed.started
2025-06-16 12:04:25,891 - httpcore.http11 - DEBUG - response_closed.complete
2025-06-16 12:04:25,893 - telegram.ext.ExtBot - DEBUG - Call to Bot API endpoint `getUpdates` finished with return value `[]`
2025-06-16 12:04:25,893 - telegram.ext.ExtBot - DEBUG - No new updates found.
2025-06-16 12:04:25,894 - telegram.ext.ExtBot - DEBUG - Calling Bot API endpoint `getUpdates` with parameters `{'timeout': 10, 'offset': 111011620}`
2025-06-16 12:04:25,895 - httpcore.http11 - DEBUG - send_request_headers.started request=<Request [b'POST']>
2025-06-16 12:04:25,895 - httpcore.http11 - DEBUG - send_request_headers.complete
2025-06-16 12:04:25,895 - httpcore.http11 - DEBUG - send_request_body.started request=<Request [b'POST']>
2025-06-16 12:04:25,896 - httpcore.http11 - DEBUG - send_request_body.complete
2025-06-16 12:04:25,896 - httpcore.http11 - DEBUG - receive_response_headers.started request=<Request [b'POST']>
2025-06-16 12:04:36,215 - httpcore.http11 - DEBUG - receive_response_headers.complete return_value=(b'HTTP/1.1', 200, b'OK', [(b'Server', b'nginx/1.18.0'), (b'Date', b'Mon, 16 Jun 2025 10:04:36 GMT'), (b'Content-Type', b'application/json'), (b'Content-Length', b'23'), (b'Connection', b'keep-alive'), (b'Strict-Transport-Security', b'max-age=31536000; includeSubDomains; preload'), (b'Access-Control-Allow-Origin', b'*'), (b'Access-Control-Allow-Methods', b'GET, POST, OPTIONS'), (b'Access-Control-Expose-Headers', b'Content-Length,Content-Type,Date,Server,Connection')])
2025-06-16 12:04:36,215 - httpx - INFO - HTTP Request: POST https://api.telegram.org/bot8074566163:AAHrY-EO1pS2KfhnJSwVnuWtRHfdBs0g16s/getUpdates "HTTP/1.1 200 OK"
2025-06-16 12:04:36,215 - httpcore.http11 - DEBUG - receive_response_body.started request=<Request [b'POST']>
2025-06-16 12:04:36,215 - httpcore.http11 - DEBUG - receive_response_body.complete
2025-06-16 12:04:36,215 - httpcore.http11 - DEBUG - response_closed.started
2025-06-16 12:04:36,215 - httpcore.http11 - DEBUG - response_closed.complete
2025-06-16 12:04:36,215 - telegram.ext.ExtBot - DEBUG - Call to Bot API endpoint `getUpdates` finished with return value `[]`
2025-06-16 12:04:36,216 - telegram.ext.ExtBot - DEBUG - No new updates found.
2025-06-16 12:04:36,216 - telegram.ext.ExtBot - DEBUG - Calling Bot API endpoint `getUpdates` with parameters `{'timeout': 10, 'offset': 111011620}`
2025-06-16 12:04:36,216 - httpcore.http11 - DEBUG - send_request_headers.started request=<Request [b'POST']>
2025-06-16 12:04:36,216 - httpcore.http11 - DEBUG - send_request_headers.complete
2025-06-16 12:04:36,216 - httpcore.http11 - DEBUG - send_request_body.started request=<Request [b'POST']>
2025-06-16 12:04:36,216 - httpcore.http11 - DEBUG - send_request_body.complete
2025-06-16 12:04:36,216 - httpcore.http11 - DEBUG - receive_response_headers.started request=<Request [b'POST']>
2025-06-16 12:04:46,278 - httpcore.http11 - DEBUG - receive_response_headers.complete return_value=(b'HTTP/1.1', 200, b'OK', [(b'Server', b'nginx/1.18.0'), (b'Date', b'Mon, 16 Jun 2025 10:04:46 GMT'), (b'Content-Type', b'application/json'), (b'Content-Length', b'23'), (b'Connection', b'keep-alive'), (b'Strict-Transport-Security', b'max-age=31536000; includeSubDomains; preload'), (b'Access-Control-Allow-Origin', b'*'), (b'Access-Control-Allow-Methods', b'GET, POST, OPTIONS'), (b'Access-Control-Expose-Headers', b'Content-Length,Content-Type,Date,Server,Connection')])
2025-06-16 12:04:46,278 - httpx - INFO - HTTP Request: POST https://api.telegram.org/bot8074566163:AAHrY-EO1pS2KfhnJSwVnuWtRHfdBs0g16s/getUpdates "HTTP/1.1 200 OK"
2025-06-16 12:04:46,278 - httpcore.http11 - DEBUG - receive_response_body.started request=<Request [b'POST']>
2025-06-16 12:04:46,278 - httpcore.http11 - DEBUG - receive_response_body.complete
2025-06-16 12:04:46,278 - httpcore.http11 - DEBUG - response_closed.started
2025-06-16 12:04:46,278 - httpcore.http11 - DEBUG - response_closed.complete
2025-06-16 12:04:46,278 - telegram.ext.ExtBot - DEBUG - Call to Bot API endpoint `getUpdates` finished with return value `[]`
2025-06-16 12:04:46,278 - telegram.ext.ExtBot - DEBUG - No new updates found.
2025-06-16 12:04:46,278 - telegram.ext.ExtBot - DEBUG - Calling Bot API endpoint `getUpdates` with parameters `{'timeout': 10, 'offset': 111011620}`
2025-06-16 12:04:46,278 - httpcore.http11 - DEBUG - send_request_headers.started request=<Request [b'POST']>
2025-06-16 12:04:46,278 - httpcore.http11 - DEBUG - send_request_headers.complete
2025-06-16 12:04:46,279 - httpcore.http11 - DEBUG - send_request_body.started request=<Request [b'POST']>
2025-06-16 12:04:46,279 - httpcore.http11 - DEBUG - send_request_body.complete
2025-06-16 12:04:46,279 - httpcore.http11 - DEBUG - receive_response_headers.started request=<Request [b'POST']>
2025-06-16 12:04:56,354 - httpcore.http11 - DEBUG - receive_response_headers.complete return_value=(b'HTTP/1.1', 200, b'OK', [(b'Server', b'nginx/1.18.0'), (b'Date', b'Mon, 16 Jun 2025 10:04:56 GMT'), (b'Content-Type', b'application/json'), (b'Content-Length', b'23'), (b'Connection', b'keep-alive'), (b'Strict-Transport-Security', b'max-age=31536000; includeSubDomains; preload'), (b'Access-Control-Allow-Origin', b'*'), (b'Access-Control-Allow-Methods', b'GET, POST, OPTIONS'), (b'Access-Control-Expose-Headers', b'Content-Length,Content-Type,Date,Server,Connection')])
2025-06-16 12:04:56,360 - httpx - INFO - HTTP Request: POST https://api.telegram.org/bot8074566163:AAHrY-EO1pS2KfhnJSwVnuWtRHfdBs0g16s/getUpdates "HTTP/1.1 200 OK"
2025-06-16 12:04:56,360 - httpcore.http11 - DEBUG - receive_response_body.started request=<Request [b'POST']>
2025-06-16 12:04:56,360 - httpcore.http11 - DEBUG - receive_response_body.complete
2025-06-16 12:04:56,360 - httpcore.http11 - DEBUG - response_closed.started
2025-06-16 12:04:56,360 - httpcore.http11 - DEBUG - response_closed.complete
2025-06-16 12:04:56,361 - telegram.ext.ExtBot - DEBUG - Call to Bot API endpoint `getUpdates` finished with return value `[]`
2025-06-16 12:04:56,361 - telegram.ext.ExtBot - DEBUG - No new updates found.
2025-06-16 12:04:56,361 - telegram.ext.ExtBot - DEBUG - Calling Bot API endpoint `getUpdates` with parameters `{'timeout': 10, 'offset': 111011620}`
2025-06-16 12:04:56,362 - httpcore.http11 - DEBUG - send_request_headers.started request=<Request [b'POST']>
2025-06-16 12:04:56,362 - httpcore.http11 - DEBUG - send_request_headers.complete
2025-06-16 12:04:56,362 - httpcore.http11 - DEBUG - send_request_body.started request=<Request [b'POST']>
2025-06-16 12:04:56,362 - httpcore.http11 - DEBUG - send_request_body.complete
2025-06-16 12:04:56,362 - httpcore.http11 - DEBUG - receive_response_headers.started request=<Request [b'POST']>
2025-06-16 12:05:06,446 - httpcore.http11 - DEBUG - receive_response_headers.complete return_value=(b'HTTP/1.1', 200, b'OK', [(b'Server', b'nginx/1.18.0'), (b'Date', b'Mon, 16 Jun 2025 10:05:06 GMT'), (b'Content-Type', b'application/json'), (b'Content-Length', b'23'), (b'Connection', b'keep-alive'), (b'Strict-Transport-Security', b'max-age=31536000; includeSubDomains; preload'), (b'Access-Control-Allow-Origin', b'*'), (b'Access-Control-Allow-Methods', b'GET, POST, OPTIONS'), (b'Access-Control-Expose-Headers', b'Content-Length,Content-Type,Date,Server,Connection')])
2025-06-16 12:05:06,448 - httpx - INFO - HTTP Request: POST https://api.telegram.org/bot8074566163:AAHrY-EO1pS2KfhnJSwVnuWtRHfdBs0g16s/getUpdates "HTTP/1.1 200 OK"
2025-06-16 12:05:06,448 - httpcore.http11 - DEBUG - receive_response_body.started request=<Request [b'POST']>
2025-06-16 12:05:06,448 - httpcore.http11 - DEBUG - receive_response_body.complete
2025-06-16 12:05:06,448 - httpcore.http11 - DEBUG - response_closed.started
2025-06-16 12:05:06,449 - httpcore.http11 - DEBUG - response_closed.complete
2025-06-16 12:05:06,449 - telegram.ext.ExtBot - DEBUG - Call to Bot API endpoint `getUpdates` finished with return value `[]`
2025-06-16 12:05:06,449 - telegram.ext.ExtBot - DEBUG - No new updates found.
2025-06-16 12:05:06,450 - telegram.ext.ExtBot - DEBUG - Calling Bot API endpoint `getUpdates` with parameters `{'timeout': 10, 'offset': 111011620}`
2025-06-16 12:05:06,451 - httpcore.http11 - DEBUG - send_request_headers.started request=<Request [b'POST']>
2025-06-16 12:05:06,452 - httpcore.http11 - DEBUG - send_request_headers.complete
2025-06-16 12:05:06,452 - httpcore.http11 - DEBUG - send_request_body.started request=<Request [b'POST']>
2025-06-16 12:05:06,453 - httpcore.http11 - DEBUG - send_request_body.complete
2025-06-16 12:05:06,454 - httpcore.http11 - DEBUG - receive_response_headers.started request=<Request [b'POST']>
2025-06-16 12:05:16,515 - httpcore.http11 - DEBUG - receive_response_headers.complete return_value=(b'HTTP/1.1', 200, b'OK', [(b'Server', b'nginx/1.18.0'), (b'Date', b'Mon, 16 Jun 2025 10:05:16 GMT'), (b'Content-Type', b'application/json'), (b'Content-Length', b'23'), (b'Connection', b'keep-alive'), (b'Strict-Transport-Security', b'max-age=31536000; includeSubDomains; preload'), (b'Access-Control-Allow-Origin', b'*'), (b'Access-Control-Allow-Methods', b'GET, POST, OPTIONS'), (b'Access-Control-Expose-Headers', b'Content-Length,Content-Type,Date,Server,Connection')])
2025-06-16 12:05:16,516 - httpx - INFO - HTTP Request: POST https://api.telegram.org/bot8074566163:AAHrY-EO1pS2KfhnJSwVnuWtRHfdBs0g16s/getUpdates "HTTP/1.1 200 OK"
2025-06-16 12:05:16,516 - httpcore.http11 - DEBUG - receive_response_body.started request=<Request [b'POST']>
2025-06-16 12:05:16,517 - httpcore.http11 - DEBUG - receive_response_body.complete
2025-06-16 12:05:16,517 - httpcore.http11 - DEBUG - response_closed.started
2025-06-16 12:05:16,517 - httpcore.http11 - DEBUG - response_closed.complete
2025-06-16 12:05:16,517 - telegram.ext.ExtBot - DEBUG - Call to Bot API endpoint `getUpdates` finished with return value `[]`
2025-06-16 12:05:16,517 - telegram.ext.ExtBot - DEBUG - No new updates found.
2025-06-16 12:05:16,518 - telegram.ext.ExtBot - DEBUG - Calling Bot API endpoint `getUpdates` with parameters `{'timeout': 10, 'offset': 111011620}`
2025-06-16 12:05:16,518 - httpcore.http11 - DEBUG - send_request_headers.started request=<Request [b'POST']>
2025-06-16 12:05:16,518 - httpcore.http11 - DEBUG - send_request_headers.complete
2025-06-16 12:05:16,519 - httpcore.http11 - DEBUG - send_request_body.started request=<Request [b'POST']>
2025-06-16 12:05:16,519 - httpcore.http11 - DEBUG - send_request_body.complete
2025-06-16 12:05:16,519 - httpcore.http11 - DEBUG - receive_response_headers.started request=<Request [b'POST']>
2025-06-16 12:05:26,577 - httpcore.http11 - DEBUG - receive_response_headers.complete return_value=(b'HTTP/1.1', 200, b'OK', [(b'Server', b'nginx/1.18.0'), (b'Date', b'Mon, 16 Jun 2025 10:05:26 GMT'), (b'Content-Type', b'application/json'), (b'Content-Length', b'23'), (b'Connection', b'keep-alive'), (b'Strict-Transport-Security', b'max-age=31536000; includeSubDomains; preload'), (b'Access-Control-Allow-Origin', b'*'), (b'Access-Control-Allow-Methods', b'GET, POST, OPTIONS'), (b'Access-Control-Expose-Headers', b'Content-Length,Content-Type,Date,Server,Connection')])
2025-06-16 12:05:26,577 - httpx - INFO - HTTP Request: POST https://api.telegram.org/bot8074566163:AAHrY-EO1pS2KfhnJSwVnuWtRHfdBs0g16s/getUpdates "HTTP/1.1 200 OK"
2025-06-16 12:05:26,577 - httpcore.http11 - DEBUG - receive_response_body.started request=<Request [b'POST']>
2025-06-16 12:05:26,577 - httpcore.http11 - DEBUG - receive_response_body.complete
2025-06-16 12:05:26,577 - httpcore.http11 - DEBUG - response_closed.started
2025-06-16 12:05:26,577 - httpcore.http11 - DEBUG - response_closed.complete
2025-06-16 12:05:26,577 - telegram.ext.ExtBot - DEBUG - Call to Bot API endpoint `getUpdates` finished with return value `[]`
2025-06-16 12:05:26,577 - telegram.ext.ExtBot - DEBUG - No new updates found.
2025-06-16 12:05:26,578 - telegram.ext.ExtBot - DEBUG - Calling Bot API endpoint `getUpdates` with parameters `{'timeout': 10, 'offset': 111011620}`
2025-06-16 12:05:26,578 - httpcore.http11 - DEBUG - send_request_headers.started request=<Request [b'POST']>
2025-06-16 12:05:26,578 - httpcore.http11 - DEBUG - send_request_headers.complete
2025-06-16 12:05:26,578 - httpcore.http11 - DEBUG - send_request_body.started request=<Request [b'POST']>
2025-06-16 12:05:26,578 - httpcore.http11 - DEBUG - send_request_body.complete
2025-06-16 12:05:26,578 - httpcore.http11 - DEBUG - receive_response_headers.started request=<Request [b'POST']>
2025-06-16 12:05:36,700 - httpcore.http11 - DEBUG - receive_response_headers.complete return_value=(b'HTTP/1.1', 200, b'OK', [(b'Server', b'nginx/1.18.0'), (b'Date', b'Mon, 16 Jun 2025 10:05:36 GMT'), (b'Content-Type', b'application/json'), (b'Content-Length', b'23'), (b'Connection', b'keep-alive'), (b'Strict-Transport-Security', b'max-age=31536000; includeSubDomains; preload'), (b'Access-Control-Allow-Origin', b'*'), (b'Access-Control-Allow-Methods', b'GET, POST, OPTIONS'), (b'Access-Control-Expose-Headers', b'Content-Length,Content-Type,Date,Server,Connection')])
2025-06-16 12:05:36,700 - httpx - INFO - HTTP Request: POST https://api.telegram.org/bot8074566163:AAHrY-EO1pS2KfhnJSwVnuWtRHfdBs0g16s/getUpdates "HTTP/1.1 200 OK"
2025-06-16 12:05:36,700 - httpcore.http11 - DEBUG - receive_response_body.started request=<Request [b'POST']>
2025-06-16 12:05:36,700 - httpcore.http11 - DEBUG - receive_response_body.complete
2025-06-16 12:05:36,700 - httpcore.http11 - DEBUG - response_closed.started
2025-06-16 12:05:36,700 - httpcore.http11 - DEBUG - response_closed.complete
2025-06-16 12:05:36,700 - telegram.ext.ExtBot - DEBUG - Call to Bot API endpoint `getUpdates` finished with return value `[]`
2025-06-16 12:05:36,701 - telegram.ext.ExtBot - DEBUG - No new updates found.
2025-06-16 12:05:36,701 - telegram.ext.ExtBot - DEBUG - Calling Bot API endpoint `getUpdates` with parameters `{'timeout': 10, 'offset': 111011620}`
2025-06-16 12:05:36,701 - httpcore.http11 - DEBUG - send_request_headers.started request=<Request [b'POST']>
2025-06-16 12:05:36,701 - httpcore.http11 - DEBUG - send_request_headers.complete
2025-06-16 12:05:36,701 - httpcore.http11 - DEBUG - send_request_body.started request=<Request [b'POST']>
2025-06-16 12:05:36,701 - httpcore.http11 - DEBUG - send_request_body.complete
2025-06-16 12:05:36,701 - httpcore.http11 - DEBUG - receive_response_headers.started request=<Request [b'POST']>
2025-06-16 12:05:46,777 - httpcore.http11 - DEBUG - receive_response_headers.complete return_value=(b'HTTP/1.1', 200, b'OK', [(b'Server', b'nginx/1.18.0'), (b'Date', b'Mon, 16 Jun 2025 10:05:47 GMT'), (b'Content-Type', b'application/json'), (b'Content-Length', b'23'), (b'Connection', b'keep-alive'), (b'Strict-Transport-Security', b'max-age=31536000; includeSubDomains; preload'), (b'Access-Control-Allow-Origin', b'*'), (b'Access-Control-Allow-Methods', b'GET, POST, OPTIONS'), (b'Access-Control-Expose-Headers', b'Content-Length,Content-Type,Date,Server,Connection')])
2025-06-16 12:05:46,777 - httpx - INFO - HTTP Request: POST https://api.telegram.org/bot8074566163:AAHrY-EO1pS2KfhnJSwVnuWtRHfdBs0g16s/getUpdates "HTTP/1.1 200 OK"
2025-06-16 12:05:46,777 - httpcore.http11 - DEBUG - receive_response_body.started request=<Request [b'POST']>
2025-06-16 12:05:46,777 - httpcore.http11 - DEBUG - receive_response_body.complete
2025-06-16 12:05:46,777 - httpcore.http11 - DEBUG - response_closed.started
2025-06-16 12:05:46,777 - httpcore.http11 - DEBUG - response_closed.complete
2025-06-16 12:05:46,778 - telegram.ext.ExtBot - DEBUG - Call to Bot API endpoint `getUpdates` finished with return value `[]`
2025-06-16 12:05:46,778 - telegram.ext.ExtBot - DEBUG - No new updates found.
2025-06-16 12:05:46,778 - telegram.ext.ExtBot - DEBUG - Calling Bot API endpoint `getUpdates` with parameters `{'timeout': 10, 'offset': 111011620}`
2025-06-16 12:05:46,778 - httpcore.http11 - DEBUG - send_request_headers.started request=<Request [b'POST']>
2025-06-16 12:05:46,778 - httpcore.http11 - DEBUG - send_request_headers.complete
2025-06-16 12:05:46,778 - httpcore.http11 - DEBUG - send_request_body.started request=<Request [b'POST']>
2025-06-16 12:05:46,778 - httpcore.http11 - DEBUG - send_request_body.complete
2025-06-16 12:05:46,778 - httpcore.http11 - DEBUG - receive_response_headers.started request=<Request [b'POST']>
2025-06-16 12:05:56,858 - httpcore.http11 - DEBUG - receive_response_headers.complete return_value=(b'HTTP/1.1', 200, b'OK', [(b'Server', b'nginx/1.18.0'), (b'Date', b'Mon, 16 Jun 2025 10:05:57 GMT'), (b'Content-Type', b'application/json'), (b'Content-Length', b'23'), (b'Connection', b'keep-alive'), (b'Strict-Transport-Security', b'max-age=31536000; includeSubDomains; preload'), (b'Access-Control-Allow-Origin', b'*'), (b'Access-Control-Allow-Methods', b'GET, POST, OPTIONS'), (b'Access-Control-Expose-Headers', b'Content-Length,Content-Type,Date,Server,Connection')])
2025-06-16 12:05:56,858 - httpx - INFO - HTTP Request: POST https://api.telegram.org/bot8074566163:AAHrY-EO1pS2KfhnJSwVnuWtRHfdBs0g16s/getUpdates "HTTP/1.1 200 OK"
2025-06-16 12:05:56,858 - httpcore.http11 - DEBUG - receive_response_body.started request=<Request [b'POST']>
2025-06-16 12:05:56,858 - httpcore.http11 - DEBUG - receive_response_body.complete
2025-06-16 12:05:56,858 - httpcore.http11 - DEBUG - response_closed.started
2025-06-16 12:05:56,858 - httpcore.http11 - DEBUG - response_closed.complete
2025-06-16 12:05:56,859 - telegram.ext.ExtBot - DEBUG - Call to Bot API endpoint `getUpdates` finished with return value `[]`
2025-06-16 12:05:56,859 - telegram.ext.ExtBot - DEBUG - No new updates found.
2025-06-16 12:05:56,859 - telegram.ext.ExtBot - DEBUG - Calling Bot API endpoint `getUpdates` with parameters `{'timeout': 10, 'offset': 111011620}`
2025-06-16 12:05:56,859 - httpcore.http11 - DEBUG - send_request_headers.started request=<Request [b'POST']>
2025-06-16 12:05:56,859 - httpcore.http11 - DEBUG - send_request_headers.complete
2025-06-16 12:05:56,859 - httpcore.http11 - DEBUG - send_request_body.started request=<Request [b'POST']>
2025-06-16 12:05:56,859 - httpcore.http11 - DEBUG - send_request_body.complete
2025-06-16 12:05:56,859 - httpcore.http11 - DEBUG - receive_response_headers.started request=<Request [b'POST']>
2025-06-16 12:06:06,928 - httpcore.http11 - DEBUG - receive_response_headers.complete return_value=(b'HTTP/1.1', 200, b'OK', [(b'Server', b'nginx/1.18.0'), (b'Date', b'Mon, 16 Jun 2025 10:06:07 GMT'), (b'Content-Type', b'application/json'), (b'Content-Length', b'23'), (b'Connection', b'keep-alive'), (b'Strict-Transport-Security', b'max-age=31536000; includeSubDomains; preload'), (b'Access-Control-Allow-Origin', b'*'), (b'Access-Control-Allow-Methods', b'GET, POST, OPTIONS'), (b'Access-Control-Expose-Headers', b'Content-Length,Content-Type,Date,Server,Connection')])
2025-06-16 12:06:06,928 - httpx - INFO - HTTP Request: POST https://api.telegram.org/bot8074566163:AAHrY-EO1pS2KfhnJSwVnuWtRHfdBs0g16s/getUpdates "HTTP/1.1 200 OK"
2025-06-16 12:06:06,928 - httpcore.http11 - DEBUG - receive_response_body.started request=<Request [b'POST']>
2025-06-16 12:06:06,928 - httpcore.http11 - DEBUG - receive_response_body.complete
2025-06-16 12:06:06,928 - httpcore.http11 - DEBUG - response_closed.started
2025-06-16 12:06:06,928 - httpcore.http11 - DEBUG - response_closed.complete
2025-06-16 12:06:06,929 - telegram.ext.ExtBot - DEBUG - Call to Bot API endpoint `getUpdates` finished with return value `[]`
2025-06-16 12:06:06,929 - telegram.ext.ExtBot - DEBUG - No new updates found.
2025-06-16 12:06:06,929 - telegram.ext.ExtBot - DEBUG - Calling Bot API endpoint `getUpdates` with parameters `{'timeout': 10, 'offset': 111011620}`
2025-06-16 12:06:06,929 - httpcore.http11 - DEBUG - send_request_headers.started request=<Request [b'POST']>
2025-06-16 12:06:06,929 - httpcore.http11 - DEBUG - send_request_headers.complete
2025-06-16 12:06:06,929 - httpcore.http11 - DEBUG - send_request_body.started request=<Request [b'POST']>
2025-06-16 12:06:06,930 - httpcore.http11 - DEBUG - send_request_body.complete
2025-06-16 12:06:06,930 - httpcore.http11 - DEBUG - receive_response_headers.started request=<Request [b'POST']>
2025-06-16 12:06:13,518 - telegram.ext.Application - DEBUG - Application received stop signal. Shutting down.
2025-06-16 12:06:13,518 - telegram.ext.Updater - DEBUG - Stopping Updater
2025-06-16 12:06:13,518 - telegram.ext.Updater - DEBUG - Waiting background polling task to finish up.
2025-06-16 12:06:13,518 - telegram.ext - DEBUG - Network Retry Loop (Polling Updates): Cancelled
2025-06-16 12:06:13,518 - httpcore.http11 - DEBUG - receive_response_headers.failed exception=CancelledError()
2025-06-16 12:06:13,518 - httpcore.http11 - DEBUG - response_closed.started
2025-06-16 12:06:13,518 - telegram.ext.Updater - DEBUG - Calling `get_updates` one more time to mark all fetched updates as read.
2025-06-16 12:06:13,518 - telegram.ext.ExtBot - DEBUG - Calling Bot API endpoint `getUpdates` with parameters `{'timeout': 0, 'offset': 111011620}`
2025-06-16 12:06:13,519 - httpcore.http11 - DEBUG - response_closed.complete
2025-06-16 12:06:13,519 - httpcore.connection - DEBUG - connect_tcp.started host='api.telegram.org' port=443 local_address=None timeout=5.0 socket_options=None
2025-06-16 12:06:13,660 - httpcore.connection - DEBUG - connect_tcp.complete return_value=<httpcore._backends.anyio.AnyIOStream object at 0x10296b0b0>
2025-06-16 12:06:13,661 - httpcore.connection - DEBUG - start_tls.started ssl_context=<ssl.SSLContext object at 0x1028b7350> server_hostname='api.telegram.org' timeout=5.0
2025-06-16 12:06:13,735 - httpcore.connection - DEBUG - start_tls.complete return_value=<httpcore._backends.anyio.AnyIOStream object at 0x10296bd70>
2025-06-16 12:06:13,735 - httpcore.http11 - DEBUG - send_request_headers.started request=<Request [b'POST']>
2025-06-16 12:06:13,736 - httpcore.http11 - DEBUG - send_request_headers.complete
2025-06-16 12:06:13,736 - httpcore.http11 - DEBUG - send_request_body.started request=<Request [b'POST']>
2025-06-16 12:06:13,736 - httpcore.http11 - DEBUG - send_request_body.complete
2025-06-16 12:06:13,736 - httpcore.http11 - DEBUG - receive_response_headers.started request=<Request [b'POST']>
2025-06-16 12:06:13,802 - httpcore.http11 - DEBUG - receive_response_headers.complete return_value=(b'HTTP/1.1', 200, b'OK', [(b'Server', b'nginx/1.18.0'), (b'Date', b'Mon, 16 Jun 2025 10:06:14 GMT'), (b'Content-Type', b'application/json'), (b'Content-Length', b'23'), (b'Connection', b'keep-alive'), (b'Strict-Transport-Security', b'max-age=31536000; includeSubDomains; preload'), (b'Access-Control-Allow-Origin', b'*'), (b'Access-Control-Allow-Methods', b'GET, POST, OPTIONS'), (b'Access-Control-Expose-Headers', b'Content-Length,Content-Type,Date,Server,Connection')])
2025-06-16 12:06:13,803 - httpx - INFO - HTTP Request: POST https://api.telegram.org/bot8074566163:AAHrY-EO1pS2KfhnJSwVnuWtRHfdBs0g16s/getUpdates "HTTP/1.1 200 OK"
2025-06-16 12:06:13,803 - httpcore.http11 - DEBUG - receive_response_body.started request=<Request [b'POST']>
2025-06-16 12:06:13,803 - httpcore.http11 - DEBUG - receive_response_body.complete
2025-06-16 12:06:13,803 - httpcore.http11 - DEBUG - response_closed.started
2025-06-16 12:06:13,803 - httpcore.http11 - DEBUG - response_closed.complete
2025-06-16 12:06:13,803 - telegram.ext.ExtBot - DEBUG - Call to Bot API endpoint `getUpdates` finished with return value `[]`
2025-06-16 12:06:13,803 - telegram.ext.ExtBot - DEBUG - No new updates found.
2025-06-16 12:06:13,803 - telegram.ext.Updater - DEBUG - Updater.stop() is complete
2025-06-16 12:06:13,803 - telegram.ext.Application - INFO - Application is stopping. This might take a moment.
2025-06-16 12:06:13,803 - telegram.ext.Application - DEBUG - Waiting for update_queue to join
2025-06-16 12:06:13,803 - telegram.ext.Application - DEBUG - Application stopped fetching of updates.
2025-06-16 12:06:13,803 - telegram.ext.Application - DEBUG - Waiting for `create_task` calls to be processed
2025-06-16 12:06:13,803 - telegram.ext.Application - INFO - Application.stop() complete
2025-06-16 12:06:13,804 - httpcore.connection - DEBUG - close.started
2025-06-16 12:06:13,804 - httpcore.connection - DEBUG - close.started
2025-06-16 12:06:13,804 - httpcore.connection - DEBUG - close.complete
2025-06-16 12:06:13,804 - httpcore.connection - DEBUG - close.complete
2025-06-16 12:06:13,804 - telegram.ext.ExtBot - DEBUG - This Bot is already shut down. Returning.
2025-06-16 12:06:13,804 - telegram.ext.Updater - DEBUG - Shut down of Updater complete
2025-06-16 12:07:41,762 - telegram.ext.ExtBot - DEBUG - Set Bot API URL: https://api.telegram.org/bot8074566163:AAHrY-EO1pS2KfhnJSwVnuWtRHfdBs0g16s
2025-06-16 12:07:41,762 - telegram.ext.ExtBot - DEBUG - Set Bot API File URL: https://api.telegram.org/file/bot8074566163:AAHrY-EO1pS2KfhnJSwVnuWtRHfdBs0g16s
2025-06-16 12:07:41,762 - asyncio - DEBUG - Using selector: KqueueSelector
2025-06-16 12:07:41,763 - telegram.ext - DEBUG - Network Retry Loop (Bootstrap Initialize Application): Starting
2025-06-16 12:07:41,763 - telegram.ext.ExtBot - DEBUG - Calling Bot API endpoint `getMe` with parameters `{}`
2025-06-16 12:07:41,766 - httpcore.connection - DEBUG - connect_tcp.started host='api.telegram.org' port=443 local_address=None timeout=5.0 socket_options=None
2025-06-16 12:07:41,831 - httpcore.connection - DEBUG - connect_tcp.complete return_value=<httpcore._backends.anyio.AnyIOStream object at 0x104d0a4b0>
2025-06-16 12:07:41,831 - httpcore.connection - DEBUG - start_tls.started ssl_context=<ssl.SSLContext object at 0x104c9f150> server_hostname='api.telegram.org' timeout=5.0
2025-06-16 12:07:41,937 - httpcore.connection - DEBUG - start_tls.complete return_value=<httpcore._backends.anyio.AnyIOStream object at 0x104c81d90>
2025-06-16 12:07:41,937 - httpcore.http11 - DEBUG - send_request_headers.started request=<Request [b'POST']>
2025-06-16 12:07:41,937 - httpcore.http11 - DEBUG - send_request_headers.complete
2025-06-16 12:07:41,937 - httpcore.http11 - DEBUG - send_request_body.started request=<Request [b'POST']>
2025-06-16 12:07:41,937 - httpcore.http11 - DEBUG - send_request_body.complete
2025-06-16 12:07:41,937 - httpcore.http11 - DEBUG - receive_response_headers.started request=<Request [b'POST']>
2025-06-16 12:07:42,017 - httpcore.http11 - DEBUG - receive_response_headers.complete return_value=(b'HTTP/1.1', 200, b'OK', [(b'Server', b'nginx/1.18.0'), (b'Date', b'Mon, 16 Jun 2025 10:07:42 GMT'), (b'Content-Type', b'application/json'), (b'Content-Length', b'248'), (b'Connection', b'keep-alive'), (b'Strict-Transport-Security', b'max-age=31536000; includeSubDomains; preload'), (b'Access-Control-Allow-Origin', b'*'), (b'Access-Control-Allow-Methods', b'GET, POST, OPTIONS'), (b'Access-Control-Expose-Headers', b'Content-Length,Content-Type,Date,Server,Connection')])
2025-06-16 12:07:42,018 - httpx - INFO - HTTP Request: POST https://api.telegram.org/bot8074566163:AAHrY-EO1pS2KfhnJSwVnuWtRHfdBs0g16s/getMe "HTTP/1.1 200 OK"
2025-06-16 12:07:42,018 - httpcore.http11 - DEBUG - receive_response_body.started request=<Request [b'POST']>
2025-06-16 12:07:42,018 - httpcore.http11 - DEBUG - receive_response_body.complete
2025-06-16 12:07:42,018 - httpcore.http11 - DEBUG - response_closed.started
2025-06-16 12:07:42,018 - httpcore.http11 - DEBUG - response_closed.complete
2025-06-16 12:07:42,019 - telegram.ext.ExtBot - DEBUG - Call to Bot API endpoint `getMe` finished with return value `{'id': 8074566163, 'is_bot': True, 'first_name': 'DM_Test', 'username': 'DMDZtestbot', 'can_join_groups': True, 'can_read_all_group_messages': False, 'supports_inline_queries': False, 'can_connect_to_business': False, 'has_main_web_app': False}`
2025-06-16 12:07:42,019 - telegram.ext.ExtBot - DEBUG - This Bot is already initialized.
2025-06-16 12:07:42,019 - telegram.ext.Updater - DEBUG - Updater started (polling)
2025-06-16 12:07:42,020 - telegram.ext - DEBUG - Network Retry Loop (Bootstrap delete Webhook): Starting
2025-06-16 12:07:42,020 - telegram.ext.Updater - DEBUG - Deleting webhook
2025-06-16 12:07:42,020 - telegram.ext.ExtBot - DEBUG - Calling Bot API endpoint `deleteWebhook` with parameters `{}`
2025-06-16 12:07:42,020 - httpcore.http11 - DEBUG - send_request_headers.started request=<Request [b'POST']>
2025-06-16 12:07:42,020 - httpcore.http11 - DEBUG - send_request_headers.complete
2025-06-16 12:07:42,020 - httpcore.http11 - DEBUG - send_request_body.started request=<Request [b'POST']>
2025-06-16 12:07:42,020 - httpcore.http11 - DEBUG - send_request_body.complete
2025-06-16 12:07:42,020 - httpcore.http11 - DEBUG - receive_response_headers.started request=<Request [b'POST']>
2025-06-16 12:07:42,091 - httpcore.http11 - DEBUG - receive_response_headers.complete return_value=(b'HTTP/1.1', 200, b'OK', [(b'Server', b'nginx/1.18.0'), (b'Date', b'Mon, 16 Jun 2025 10:07:42 GMT'), (b'Content-Type', b'application/json'), (b'Content-Length', b'68'), (b'Connection', b'keep-alive'), (b'Strict-Transport-Security', b'max-age=31536000; includeSubDomains; preload'), (b'Access-Control-Allow-Origin', b'*'), (b'Access-Control-Allow-Methods', b'GET, POST, OPTIONS'), (b'Access-Control-Expose-Headers', b'Content-Length,Content-Type,Date,Server,Connection')])
2025-06-16 12:07:42,091 - httpx - INFO - HTTP Request: POST https://api.telegram.org/bot8074566163:AAHrY-EO1pS2KfhnJSwVnuWtRHfdBs0g16s/deleteWebhook "HTTP/1.1 200 OK"
2025-06-16 12:07:42,091 - httpcore.http11 - DEBUG - receive_response_body.started request=<Request [b'POST']>
2025-06-16 12:07:42,091 - httpcore.http11 - DEBUG - receive_response_body.complete
2025-06-16 12:07:42,091 - httpcore.http11 - DEBUG - response_closed.started
2025-06-16 12:07:42,091 - httpcore.http11 - DEBUG - response_closed.complete
2025-06-16 12:07:42,091 - telegram.ext.ExtBot - DEBUG - Call to Bot API endpoint `deleteWebhook` finished with return value `True`
2025-06-16 12:07:42,091 - telegram.ext.Updater - DEBUG - Bootstrap done
2025-06-16 12:07:42,091 - telegram.ext.Updater - DEBUG - Waiting for polling to start
2025-06-16 12:07:42,091 - telegram.ext.Updater - DEBUG - Polling updates from Telegram started
2025-06-16 12:07:42,091 - telegram.ext - DEBUG - Network Retry Loop (Polling Updates): Starting
2025-06-16 12:07:42,092 - telegram.ext.ExtBot - DEBUG - Calling Bot API endpoint `getUpdates` with parameters `{'timeout': 10, 'offset': 0}`
2025-06-16 12:07:42,092 - telegram.ext.Application - INFO - Application started
2025-06-16 12:07:42,092 - httpcore.connection - DEBUG - connect_tcp.started host='api.telegram.org' port=443 local_address=None timeout=5.0 socket_options=None
2025-06-16 12:07:42,168 - httpcore.connection - DEBUG - connect_tcp.complete return_value=<httpcore._backends.anyio.AnyIOStream object at 0x1035b96d0>
2025-06-16 12:07:42,168 - httpcore.connection - DEBUG - start_tls.started ssl_context=<ssl.SSLContext object at 0x104c9f450> server_hostname='api.telegram.org' timeout=5.0
2025-06-16 12:07:42,236 - httpcore.connection - DEBUG - start_tls.complete return_value=<httpcore._backends.anyio.AnyIOStream object at 0x104d4ffb0>
2025-06-16 12:07:42,236 - httpcore.http11 - DEBUG - send_request_headers.started request=<Request [b'POST']>
2025-06-16 12:07:42,236 - httpcore.http11 - DEBUG - send_request_headers.complete
2025-06-16 12:07:42,236 - httpcore.http11 - DEBUG - send_request_body.started request=<Request [b'POST']>
2025-06-16 12:07:42,237 - httpcore.http11 - DEBUG - send_request_body.complete
2025-06-16 12:07:42,237 - httpcore.http11 - DEBUG - receive_response_headers.started request=<Request [b'POST']>
2025-06-16 12:07:47,862 - httpcore.http11 - DEBUG - receive_response_headers.complete return_value=(b'HTTP/1.1', 200, b'OK', [(b'Server', b'nginx/1.18.0'), (b'Date', b'Mon, 16 Jun 2025 10:07:47 GMT'), (b'Content-Type', b'application/json'), (b'Content-Length', b'431'), (b'Connection', b'keep-alive'), (b'Strict-Transport-Security', b'max-age=31536000; includeSubDomains; preload'), (b'Access-Control-Allow-Origin', b'*'), (b'Access-Control-Allow-Methods', b'GET, POST, OPTIONS'), (b'Access-Control-Expose-Headers', b'Content-Length,Content-Type,Date,Server,Connection')])
2025-06-16 12:07:47,864 - httpx - INFO - HTTP Request: POST https://api.telegram.org/bot8074566163:AAHrY-EO1pS2KfhnJSwVnuWtRHfdBs0g16s/getUpdates "HTTP/1.1 200 OK"
2025-06-16 12:07:47,864 - httpcore.http11 - DEBUG - receive_response_body.started request=<Request [b'POST']>
2025-06-16 12:07:47,864 - httpcore.http11 - DEBUG - receive_response_body.complete
2025-06-16 12:07:47,864 - httpcore.http11 - DEBUG - response_closed.started
2025-06-16 12:07:47,865 - httpcore.http11 - DEBUG - response_closed.complete
2025-06-16 12:07:47,866 - telegram.ext.ExtBot - DEBUG - Call to Bot API endpoint `getUpdates` finished with return value `[{'update_id': 111011620, 'message': {'message_id': 149, 'from': {'id': 1128054148, 'is_bot': False, 'first_name': 'Daniele', 'last_name': 'Zappalá', 'username': 'danzapp', 'language_code': 'it'}, 'chat': {'id': 1128054148, 'first_name': 'Daniele', 'last_name': 'Zappalá', 'username': 'danzapp', 'type': 'private'}, 'date': 1750068467, 'text': '/spesa food 12.00 pranzo', 'entities': [{'offset': 0, 'length': 6, 'type': 'bot_command'}]}}]`
2025-06-16 12:07:47,866 - telegram.ext.ExtBot - DEBUG - Getting updates: [111011620]
2025-06-16 12:07:47,867 - telegram.ext.Application - DEBUG - Processing update Update(message=Message(channel_chat_created=False, chat=Chat(first_name='Daniele', id=1128054148, last_name='Zappalá', type=<ChatType.PRIVATE>, username='danzapp'), date=datetime.datetime(2025, 6, 16, 10, 7, 47, tzinfo=datetime.timezone.utc), delete_chat_photo=False, entities=(MessageEntity(length=6, offset=0, type=<MessageEntityType.BOT_COMMAND>),), from_user=User(first_name='Daniele', id=1128054148, is_bot=False, language_code='it', last_name='Zappalá', username='danzapp'), group_chat_created=False, message_id=149, supergroup_chat_created=False, text='/spesa food 12.00 pranzo'), update_id=111011620)
2025-06-16 12:07:47,869 - __main__ - INFO - INIZIO spesa_command
2025-06-16 12:07:47,869 - __main__ - INFO - Command arguments: ['food', '12.00', 'pranzo']
2025-06-16 12:07:47,870 - __main__ - INFO - Prima di preparare dati per Google Sheets
2025-06-16 12:07:47,870 - __main__ - INFO - Chiamo add_row_to_sheet con: ['2025-06-16 12:07:47', 'danzapp', 'food', '12.00', 'pranzo']
2025-06-16 12:07:47,870 - src.services.sheets - DEBUG - Caricamento credenziali da: /Users/daniele/Documents/Development/Datamasters/credentials.json
2025-06-16 12:07:47,880 - googleapiclient.discovery_cache - INFO - file_cache is only supported with oauth2client<4.0.0
2025-06-16 12:07:47,884 - src.services.sheets - INFO - Servizio Google Sheets inizializzato con successo
2025-06-16 12:07:48,010 - googleapiclient.discovery - DEBUG - URL being requested: POST https://sheets.googleapis.com/v4/spreadsheets/1lghaMKWcI9Fj_1mv9R2nTDp7S2Wxy1KPceCw8F7DgSM/values/Sheet1%21A%3AE:append?valueInputOption=USER_ENTERED&insertDataOption=INSERT_ROWS&alt=json
2025-06-16 12:07:48,041 - google_auth_httplib2 - DEBUG - Making request: POST https://oauth2.googleapis.com/token
2025-06-16 12:07:49,118 - src.services.sheets - INFO - Spesa aggiunta con successo. Aggiornate 5 celle. Range aggiornato: Sheet1!A11:E11
2025-06-16 12:07:49,118 - __main__ - INFO - Risultato add_row_to_sheet: True
2025-06-16 12:07:49,120 - telegram.ext.ExtBot - DEBUG - Calling Bot API endpoint `sendMessage` with parameters `{'chat_id': 1128054148, 'text': 'Spesa aggiunta con successo!'}`
2025-06-16 12:07:49,122 - httpcore.connection - DEBUG - close.started
2025-06-16 12:07:49,122 - httpcore.connection - DEBUG - close.complete
2025-06-16 12:07:49,122 - httpcore.connection - DEBUG - connect_tcp.started host='api.telegram.org' port=443 local_address=None timeout=5.0 socket_options=None
2025-06-16 12:07:49,122 - telegram.ext.ExtBot - DEBUG - Calling Bot API endpoint `getUpdates` with parameters `{'timeout': 10, 'offset': 111011621}`
2025-06-16 12:07:49,123 - httpcore.http11 - DEBUG - send_request_headers.started request=<Request [b'POST']>
2025-06-16 12:07:49,123 - httpcore.http11 - DEBUG - send_request_headers.complete
2025-06-16 12:07:49,123 - httpcore.http11 - DEBUG - send_request_body.started request=<Request [b'POST']>
2025-06-16 12:07:49,123 - httpcore.http11 - DEBUG - send_request_body.complete
2025-06-16 12:07:49,123 - httpcore.http11 - DEBUG - receive_response_headers.started request=<Request [b'POST']>
2025-06-16 12:07:49,196 - httpcore.connection - DEBUG - connect_tcp.complete return_value=<httpcore._backends.anyio.AnyIOStream object at 0x104caf980>
2025-06-16 12:07:49,196 - httpcore.connection - DEBUG - start_tls.started ssl_context=<ssl.SSLContext object at 0x104c9f150> server_hostname='api.telegram.org' timeout=5.0
2025-06-16 12:07:49,266 - httpcore.connection - DEBUG - start_tls.complete return_value=<httpcore._backends.anyio.AnyIOStream object at 0x1048458b0>
2025-06-16 12:07:49,266 - httpcore.http11 - DEBUG - send_request_headers.started request=<Request [b'POST']>
2025-06-16 12:07:49,266 - httpcore.http11 - DEBUG - send_request_headers.complete
2025-06-16 12:07:49,266 - httpcore.http11 - DEBUG - send_request_body.started request=<Request [b'POST']>
2025-06-16 12:07:49,267 - httpcore.http11 - DEBUG - send_request_body.complete
2025-06-16 12:07:49,267 - httpcore.http11 - DEBUG - receive_response_headers.started request=<Request [b'POST']>
2025-06-16 12:07:49,387 - httpcore.http11 - DEBUG - receive_response_headers.complete return_value=(b'HTTP/1.1', 200, b'OK', [(b'Server', b'nginx/1.18.0'), (b'Date', b'Mon, 16 Jun 2025 10:07:49 GMT'), (b'Content-Type', b'application/json'), (b'Content-Length', b'295'), (b'Connection', b'keep-alive'), (b'Strict-Transport-Security', b'max-age=31536000; includeSubDomains; preload'), (b'Access-Control-Allow-Origin', b'*'), (b'Access-Control-Allow-Methods', b'GET, POST, OPTIONS'), (b'Access-Control-Expose-Headers', b'Content-Length,Content-Type,Date,Server,Connection')])
2025-06-16 12:07:49,387 - httpx - INFO - HTTP Request: POST https://api.telegram.org/bot8074566163:AAHrY-EO1pS2KfhnJSwVnuWtRHfdBs0g16s/sendMessage "HTTP/1.1 200 OK"
2025-06-16 12:07:49,387 - httpcore.http11 - DEBUG - receive_response_body.started request=<Request [b'POST']>
2025-06-16 12:07:49,387 - httpcore.http11 - DEBUG - receive_response_body.complete
2025-06-16 12:07:49,387 - httpcore.http11 - DEBUG - response_closed.started
2025-06-16 12:07:49,387 - httpcore.http11 - DEBUG - response_closed.complete
2025-06-16 12:07:49,388 - telegram.ext.ExtBot - DEBUG - Call to Bot API endpoint `sendMessage` finished with return value `{'message_id': 150, 'from': {'id': 8074566163, 'is_bot': True, 'first_name': 'DM_Test', 'username': 'DMDZtestbot'}, 'chat': {'id': 1128054148, 'first_name': 'Daniele', 'last_name': 'Zappalá', 'username': 'danzapp', 'type': 'private'}, 'date': 1750068469, 'text': 'Spesa aggiunta con successo!'}`
2025-06-16 12:07:49,388 - __main__ - INFO - Risposta inviata: Spesa aggiunta con successo!
2025-06-16 12:07:49,388 - __main__ - INFO - Expense added successfully: ['2025-06-16 12:07:47', 'danzapp', 'food', '12.00', 'pranzo']
2025-06-16 12:07:59,193 - httpcore.http11 - DEBUG - receive_response_headers.complete return_value=(b'HTTP/1.1', 200, b'OK', [(b'Server', b'nginx/1.18.0'), (b'Date', b'Mon, 16 Jun 2025 10:07:59 GMT'), (b'Content-Type', b'application/json'), (b'Content-Length', b'23'), (b'Connection', b'keep-alive'), (b'Strict-Transport-Security', b'max-age=31536000; includeSubDomains; preload'), (b'Access-Control-Allow-Origin', b'*'), (b'Access-Control-Allow-Methods', b'GET, POST, OPTIONS'), (b'Access-Control-Expose-Headers', b'Content-Length,Content-Type,Date,Server,Connection')])
2025-06-16 12:07:59,194 - httpx - INFO - HTTP Request: POST https://api.telegram.org/bot8074566163:AAHrY-EO1pS2KfhnJSwVnuWtRHfdBs0g16s/getUpdates "HTTP/1.1 200 OK"
2025-06-16 12:07:59,194 - httpcore.http11 - DEBUG - receive_response_body.started request=<Request [b'POST']>
2025-06-16 12:07:59,194 - httpcore.http11 - DEBUG - receive_response_body.complete
2025-06-16 12:07:59,194 - httpcore.http11 - DEBUG - response_closed.started
2025-06-16 12:07:59,194 - httpcore.http11 - DEBUG - response_closed.complete
2025-06-16 12:07:59,195 - telegram.ext.ExtBot - DEBUG - Call to Bot API endpoint `getUpdates` finished with return value `[]`
2025-06-16 12:07:59,195 - telegram.ext.ExtBot - DEBUG - No new updates found.
2025-06-16 12:07:59,195 - telegram.ext.ExtBot - DEBUG - Calling Bot API endpoint `getUpdates` with parameters `{'timeout': 10, 'offset': 111011621}`
2025-06-16 12:07:59,196 - httpcore.http11 - DEBUG - send_request_headers.started request=<Request [b'POST']>
2025-06-16 12:07:59,196 - httpcore.http11 - DEBUG - send_request_headers.complete
2025-06-16 12:07:59,196 - httpcore.http11 - DEBUG - send_request_body.started request=<Request [b'POST']>
2025-06-16 12:07:59,196 - httpcore.http11 - DEBUG - send_request_body.complete
2025-06-16 12:07:59,196 - httpcore.http11 - DEBUG - receive_response_headers.started request=<Request [b'POST']>
2025-06-16 12:08:09,267 - httpcore.http11 - DEBUG - receive_response_headers.complete return_value=(b'HTTP/1.1', 200, b'OK', [(b'Server', b'nginx/1.18.0'), (b'Date', b'Mon, 16 Jun 2025 10:08:09 GMT'), (b'Content-Type', b'application/json'), (b'Content-Length', b'23'), (b'Connection', b'keep-alive'), (b'Strict-Transport-Security', b'max-age=31536000; includeSubDomains; preload'), (b'Access-Control-Allow-Origin', b'*'), (b'Access-Control-Allow-Methods', b'GET, POST, OPTIONS'), (b'Access-Control-Expose-Headers', b'Content-Length,Content-Type,Date,Server,Connection')])
2025-06-16 12:08:09,268 - httpx - INFO - HTTP Request: POST https://api.telegram.org/bot8074566163:AAHrY-EO1pS2KfhnJSwVnuWtRHfdBs0g16s/getUpdates "HTTP/1.1 200 OK"
2025-06-16 12:08:09,268 - httpcore.http11 - DEBUG - receive_response_body.started request=<Request [b'POST']>
2025-06-16 12:08:09,268 - httpcore.http11 - DEBUG - receive_response_body.complete
2025-06-16 12:08:09,268 - httpcore.http11 - DEBUG - response_closed.started
2025-06-16 12:08:09,268 - httpcore.http11 - DEBUG - response_closed.complete
2025-06-16 12:08:09,269 - telegram.ext.ExtBot - DEBUG - Call to Bot API endpoint `getUpdates` finished with return value `[]`
2025-06-16 12:08:09,269 - telegram.ext.ExtBot - DEBUG - No new updates found.
2025-06-16 12:08:09,270 - telegram.ext.ExtBot - DEBUG - Calling Bot API endpoint `getUpdates` with parameters `{'timeout': 10, 'offset': 111011621}`
2025-06-16 12:08:09,271 - httpcore.http11 - DEBUG - send_request_headers.started request=<Request [b'POST']>
2025-06-16 12:08:09,271 - httpcore.http11 - DEBUG - send_request_headers.complete
2025-06-16 12:08:09,271 - httpcore.http11 - DEBUG - send_request_body.started request=<Request [b'POST']>
2025-06-16 12:08:09,271 - httpcore.http11 - DEBUG - send_request_body.complete
2025-06-16 12:08:09,271 - httpcore.http11 - DEBUG - receive_response_headers.started request=<Request [b'POST']>
2025-06-16 12:08:19,438 - httpcore.http11 - DEBUG - receive_response_headers.complete return_value=(b'HTTP/1.1', 200, b'OK', [(b'Server', b'nginx/1.18.0'), (b'Date', b'Mon, 16 Jun 2025 10:08:19 GMT'), (b'Content-Type', b'application/json'), (b'Content-Length', b'23'), (b'Connection', b'keep-alive'), (b'Strict-Transport-Security', b'max-age=31536000; includeSubDomains; preload'), (b'Access-Control-Allow-Origin', b'*'), (b'Access-Control-Allow-Methods', b'GET, POST, OPTIONS'), (b'Access-Control-Expose-Headers', b'Content-Length,Content-Type,Date,Server,Connection')])
2025-06-16 12:08:19,439 - httpx - INFO - HTTP Request: POST https://api.telegram.org/bot8074566163:AAHrY-EO1pS2KfhnJSwVnuWtRHfdBs0g16s/getUpdates "HTTP/1.1 200 OK"
2025-06-16 12:08:19,439 - httpcore.http11 - DEBUG - receive_response_body.started request=<Request [b'POST']>
2025-06-16 12:08:19,439 - httpcore.http11 - DEBUG - receive_response_body.complete
2025-06-16 12:08:19,440 - httpcore.http11 - DEBUG - response_closed.started
2025-06-16 12:08:19,440 - httpcore.http11 - DEBUG - response_closed.complete
2025-06-16 12:08:19,440 - telegram.ext.ExtBot - DEBUG - Call to Bot API endpoint `getUpdates` finished with return value `[]`
2025-06-16 12:08:19,440 - telegram.ext.ExtBot - DEBUG - No new updates found.
2025-06-16 12:08:19,441 - telegram.ext.ExtBot - DEBUG - Calling Bot API endpoint `getUpdates` with parameters `{'timeout': 10, 'offset': 111011621}`
2025-06-16 12:08:19,441 - httpcore.http11 - DEBUG - send_request_headers.started request=<Request [b'POST']>
2025-06-16 12:08:19,441 - httpcore.http11 - DEBUG - send_request_headers.complete
2025-06-16 12:08:19,441 - httpcore.http11 - DEBUG - send_request_body.started request=<Request [b'POST']>
2025-06-16 12:08:19,441 - httpcore.http11 - DEBUG - send_request_body.complete
2025-06-16 12:08:19,441 - httpcore.http11 - DEBUG - receive_response_headers.started request=<Request [b'POST']>
2025-06-16 12:08:29,521 - httpcore.http11 - DEBUG - receive_response_headers.complete return_value=(b'HTTP/1.1', 200, b'OK', [(b'Server', b'nginx/1.18.0'), (b'Date', b'Mon, 16 Jun 2025 10:08:29 GMT'), (b'Content-Type', b'application/json'), (b'Content-Length', b'23'), (b'Connection', b'keep-alive'), (b'Strict-Transport-Security', b'max-age=31536000; includeSubDomains; preload'), (b'Access-Control-Allow-Origin', b'*'), (b'Access-Control-Allow-Methods', b'GET, POST, OPTIONS'), (b'Access-Control-Expose-Headers', b'Content-Length,Content-Type,Date,Server,Connection')])
2025-06-16 12:08:29,521 - httpx - INFO - HTTP Request: POST https://api.telegram.org/bot8074566163:AAHrY-EO1pS2KfhnJSwVnuWtRHfdBs0g16s/getUpdates "HTTP/1.1 200 OK"
2025-06-16 12:08:29,521 - httpcore.http11 - DEBUG - receive_response_body.started request=<Request [b'POST']>
2025-06-16 12:08:29,521 - httpcore.http11 - DEBUG - receive_response_body.complete
2025-06-16 12:08:29,521 - httpcore.http11 - DEBUG - response_closed.started
2025-06-16 12:08:29,521 - httpcore.http11 - DEBUG - response_closed.complete
2025-06-16 12:08:29,522 - telegram.ext.ExtBot - DEBUG - Call to Bot API endpoint `getUpdates` finished with return value `[]`
2025-06-16 12:08:29,522 - telegram.ext.ExtBot - DEBUG - No new updates found.
2025-06-16 12:08:29,522 - telegram.ext.ExtBot - DEBUG - Calling Bot API endpoint `getUpdates` with parameters `{'timeout': 10, 'offset': 111011621}`
2025-06-16 12:08:29,522 - httpcore.http11 - DEBUG - send_request_headers.started request=<Request [b'POST']>
2025-06-16 12:08:29,522 - httpcore.http11 - DEBUG - send_request_headers.complete
2025-06-16 12:08:29,522 - httpcore.http11 - DEBUG - send_request_body.started request=<Request [b'POST']>
2025-06-16 12:08:29,522 - httpcore.http11 - DEBUG - send_request_body.complete
2025-06-16 12:08:29,523 - httpcore.http11 - DEBUG - receive_response_headers.started request=<Request [b'POST']>
2025-06-16 12:08:39,594 - httpcore.http11 - DEBUG - receive_response_headers.complete return_value=(b'HTTP/1.1', 200, b'OK', [(b'Server', b'nginx/1.18.0'), (b'Date', b'Mon, 16 Jun 2025 10:08:39 GMT'), (b'Content-Type', b'application/json'), (b'Content-Length', b'23'), (b'Connection', b'keep-alive'), (b'Strict-Transport-Security', b'max-age=31536000; includeSubDomains; preload'), (b'Access-Control-Allow-Origin', b'*'), (b'Access-Control-Allow-Methods', b'GET, POST, OPTIONS'), (b'Access-Control-Expose-Headers', b'Content-Length,Content-Type,Date,Server,Connection')])
2025-06-16 12:08:39,595 - httpx - INFO - HTTP Request: POST https://api.telegram.org/bot8074566163:AAHrY-EO1pS2KfhnJSwVnuWtRHfdBs0g16s/getUpdates "HTTP/1.1 200 OK"
2025-06-16 12:08:39,595 - httpcore.http11 - DEBUG - receive_response_body.started request=<Request [b'POST']>
2025-06-16 12:08:39,595 - httpcore.http11 - DEBUG - receive_response_body.complete
2025-06-16 12:08:39,595 - httpcore.http11 - DEBUG - response_closed.started
2025-06-16 12:08:39,595 - httpcore.http11 - DEBUG - response_closed.complete
2025-06-16 12:08:39,596 - telegram.ext.ExtBot - DEBUG - Call to Bot API endpoint `getUpdates` finished with return value `[]`
2025-06-16 12:08:39,596 - telegram.ext.ExtBot - DEBUG - No new updates found.
2025-06-16 12:08:39,596 - telegram.ext.ExtBot - DEBUG - Calling Bot API endpoint `getUpdates` with parameters `{'timeout': 10, 'offset': 111011621}`
2025-06-16 12:08:39,597 - httpcore.http11 - DEBUG - send_request_headers.started request=<Request [b'POST']>
2025-06-16 12:08:39,598 - httpcore.http11 - DEBUG - send_request_headers.complete
2025-06-16 12:08:39,599 - httpcore.http11 - DEBUG - send_request_body.started request=<Request [b'POST']>
2025-06-16 12:08:39,599 - httpcore.http11 - DEBUG - send_request_body.complete
2025-06-16 12:08:39,600 - httpcore.http11 - DEBUG - receive_response_headers.started request=<Request [b'POST']>
2025-06-16 12:08:49,676 - httpcore.http11 - DEBUG - receive_response_headers.complete return_value=(b'HTTP/1.1', 200, b'OK', [(b'Server', b'nginx/1.18.0'), (b'Date', b'Mon, 16 Jun 2025 10:08:49 GMT'), (b'Content-Type', b'application/json'), (b'Content-Length', b'23'), (b'Connection', b'keep-alive'), (b'Strict-Transport-Security', b'max-age=31536000; includeSubDomains; preload'), (b'Access-Control-Allow-Origin', b'*'), (b'Access-Control-Allow-Methods', b'GET, POST, OPTIONS'), (b'Access-Control-Expose-Headers', b'Content-Length,Content-Type,Date,Server,Connection')])
2025-06-16 12:08:49,678 - httpx - INFO - HTTP Request: POST https://api.telegram.org/bot8074566163:AAHrY-EO1pS2KfhnJSwVnuWtRHfdBs0g16s/getUpdates "HTTP/1.1 200 OK"
2025-06-16 12:08:49,678 - httpcore.http11 - DEBUG - receive_response_body.started request=<Request [b'POST']>
2025-06-16 12:08:49,678 - httpcore.http11 - DEBUG - receive_response_body.complete
2025-06-16 12:08:49,678 - httpcore.http11 - DEBUG - response_closed.started
2025-06-16 12:08:49,679 - httpcore.http11 - DEBUG - response_closed.complete
2025-06-16 12:08:49,679 - telegram.ext.ExtBot - DEBUG - Call to Bot API endpoint `getUpdates` finished with return value `[]`
2025-06-16 12:08:49,679 - telegram.ext.ExtBot - DEBUG - No new updates found.
2025-06-16 12:08:49,680 - telegram.ext.ExtBot - DEBUG - Calling Bot API endpoint `getUpdates` with parameters `{'timeout': 10, 'offset': 111011621}`
2025-06-16 12:08:49,681 - httpcore.http11 - DEBUG - send_request_headers.started request=<Request [b'POST']>
2025-06-16 12:08:49,681 - httpcore.http11 - DEBUG - send_request_headers.complete
2025-06-16 12:08:49,681 - httpcore.http11 - DEBUG - send_request_body.started request=<Request [b'POST']>
2025-06-16 12:08:49,681 - httpcore.http11 - DEBUG - send_request_body.complete
2025-06-16 12:08:49,681 - httpcore.http11 - DEBUG - receive_response_headers.started request=<Request [b'POST']>
2025-06-16 12:08:59,773 - httpcore.http11 - DEBUG - receive_response_headers.complete return_value=(b'HTTP/1.1', 200, b'OK', [(b'Server', b'nginx/1.18.0'), (b'Date', b'Mon, 16 Jun 2025 10:08:59 GMT'), (b'Content-Type', b'application/json'), (b'Content-Length', b'23'), (b'Connection', b'keep-alive'), (b'Strict-Transport-Security', b'max-age=31536000; includeSubDomains; preload'), (b'Access-Control-Allow-Origin', b'*'), (b'Access-Control-Allow-Methods', b'GET, POST, OPTIONS'), (b'Access-Control-Expose-Headers', b'Content-Length,Content-Type,Date,Server,Connection')])
2025-06-16 12:08:59,774 - httpx - INFO - HTTP Request: POST https://api.telegram.org/bot8074566163:AAHrY-EO1pS2KfhnJSwVnuWtRHfdBs0g16s/getUpdates "HTTP/1.1 200 OK"
2025-06-16 12:08:59,774 - httpcore.http11 - DEBUG - receive_response_body.started request=<Request [b'POST']>
2025-06-16 12:08:59,775 - httpcore.http11 - DEBUG - receive_response_body.complete
2025-06-16 12:08:59,775 - httpcore.http11 - DEBUG - response_closed.started
2025-06-16 12:08:59,775 - httpcore.http11 - DEBUG - response_closed.complete
2025-06-16 12:08:59,776 - telegram.ext.ExtBot - DEBUG - Call to Bot API endpoint `getUpdates` finished with return value `[]`
2025-06-16 12:08:59,776 - telegram.ext.ExtBot - DEBUG - No new updates found.
2025-06-16 12:08:59,777 - telegram.ext.ExtBot - DEBUG - Calling Bot API endpoint `getUpdates` with parameters `{'timeout': 10, 'offset': 111011621}`
2025-06-16 12:08:59,777 - httpcore.http11 - DEBUG - send_request_headers.started request=<Request [b'POST']>
2025-06-16 12:08:59,778 - httpcore.http11 - DEBUG - send_request_headers.complete
2025-06-16 12:08:59,778 - httpcore.http11 - DEBUG - send_request_body.started request=<Request [b'POST']>
2025-06-16 12:08:59,779 - httpcore.http11 - DEBUG - send_request_body.complete
2025-06-16 12:08:59,779 - httpcore.http11 - DEBUG - receive_response_headers.started request=<Request [b'POST']>
